cl : command line  warning D9002: ignoring unknown option '/RTC-'
  main.cpp
  Brack2.cpp
C:\Users\somis\Downloads\ValueStreamModeling_Math-master\dll2\Brack2.cpp(94,30): warning C4244: '=': conversion from 'double' to 'float', possible loss of data
C:\Users\somis\Downloads\ValueStreamModeling_Math-master\dll2\Brack2.cpp(122,28): warning C4805: '==': unsafe mix of type 'boolean' and type 'bool' in operation
C:\Users\somis\Downloads\ValueStreamModeling_Math-master\dll2\Brack2.cpp(138,24): warning C4805: '==': unsafe mix of type 'boolean' and type 'bool' in operation
C:\Users\somis\Downloads\ValueStreamModeling_Math-master\dll2\Brack2.cpp(51,5): warning C4996: 'sprintf': This function or variable may be unsafe. Consider using sprintf_s instead. To disable deprecation, use _CRT_SECURE_NO_WARNINGS. See online help for details.
C:\Users\somis\Downloads\ValueStreamModeling_Math-master\dll2\Brack2.cpp(77,8): warning C4996: 'sprintf': This function or variable may be unsafe. Consider using sprintf_s instead. To disable deprecation, use _CRT_SECURE_NO_WARNINGS. See online help for details.
C:\Users\somis\Downloads\ValueStreamModeling_Math-master\dll2\Brack2.cpp(90,4): warning C4996: 'sprintf': This function or variable may be unsafe. Consider using sprintf_s instead. To disable deprecation, use _CRT_SECURE_NO_WARNINGS. See online help for details.
C:\Users\somis\Downloads\ValueStreamModeling_Math-master\dll2\Brack2.cpp(101,5): warning C4996: 'sprintf': This function or variable may be unsafe. Consider using sprintf_s instead. To disable deprecation, use _CRT_SECURE_NO_WARNINGS. See online help for details.
C:\Users\somis\Downloads\ValueStreamModeling_Math-master\dll2\Brack2.cpp(114,7): warning C4996: 'sprintf': This function or variable may be unsafe. Consider using sprintf_s instead. To disable deprecation, use _CRT_SECURE_NO_WARNINGS. See online help for details.
C:\Users\somis\Downloads\ValueStreamModeling_Math-master\dll2\Brack2.cpp(124,10): warning C4996: 'sprintf': This function or variable may be unsafe. Consider using sprintf_s instead. To disable deprecation, use _CRT_SECURE_NO_WARNINGS. See online help for details.
C:\Users\somis\Downloads\ValueStreamModeling_Math-master\dll2\Brack2.cpp(140,11): warning C4996: 'sprintf': This function or variable may be unsafe. Consider using sprintf_s instead. To disable deprecation, use _CRT_SECURE_NO_WARNINGS. See online help for details.
C:\Users\somis\Downloads\ValueStreamModeling_Math-master\dll2\Brack2.cpp(144,11): warning C4996: 'sprintf': This function or variable may be unsafe. Consider using sprintf_s instead. To disable deprecation, use _CRT_SECURE_NO_WARNINGS. See online help for details.
C:\Users\somis\Downloads\ValueStreamModeling_Math-master\dll2\Brack2.cpp(153,8): warning C4996: 'sprintf': This function or variable may be unsafe. Consider using sprintf_s instead. To disable deprecation, use _CRT_SECURE_NO_WARNINGS. See online help for details.
C:\Users\somis\Downloads\ValueStreamModeling_Math-master\dll2\Brack2.cpp(34,11): warning C4101: 'vecp1': unreferenced local variable
C:\Users\somis\Downloads\ValueStreamModeling_Math-master\dll2\Brack2.cpp(31,42): warning C4101: 'dp2': unreferenced local variable
C:\Users\somis\Downloads\ValueStreamModeling_Math-master\dll2\Brack2.cpp(31,32): warning C4101: 'dp1': unreferenced local variable
C:\Users\somis\Downloads\ValueStreamModeling_Math-master\dll2\Brack2.cpp(32,26): warning C4101: 'sign2': unreferenced local variable
C:\Users\somis\Downloads\ValueStreamModeling_Math-master\dll2\Brack2.cpp(32,19): warning C4101: 'sign1': unreferenced local variable
C:\Users\somis\Downloads\ValueStreamModeling_Math-master\dll2\Brack2.cpp(35,11): warning C4101: 'vecp2': unreferenced local variable
  Brent.cpp
C:\Users\somis\Downloads\ValueStreamModeling_Math-master\dll2\Brent.cpp(37,15): warning C4244: '=': conversion from 'double' to 'float', possible loss of data
C:\Users\somis\Downloads\ValueStreamModeling_Math-master\dll2\Brent.cpp(38,35): warning C4244: '=': conversion from 'double' to 'float', possible loss of data
C:\Users\somis\Downloads\ValueStreamModeling_Math-master\dll2\Brent.cpp(38,17): warning C4244: '=': conversion from 'double' to 'float', possible loss of data
C:\Users\somis\Downloads\ValueStreamModeling_Math-master\dll2\Brent.cpp(47,18): warning C4244: '=': conversion from 'double' to 'float', possible loss of data
C:\Users\somis\Downloads\ValueStreamModeling_Math-master\dll2\Brent.cpp(53,24): warning C4244: '=': conversion from 'double' to 'float', possible loss of data
C:\Users\somis\Downloads\ValueStreamModeling_Math-master\dll2\Brent.cpp(61,20): warning C4244: '=': conversion from 'double' to 'float', possible loss of data
C:\Users\somis\Downloads\ValueStreamModeling_Math-master\dll2\Brent.cpp(125,15): warning C4244: 'argument': conversion from 'double' to 'float', possible loss of data
C:\Users\somis\Downloads\ValueStreamModeling_Math-master\dll2\Brent.cpp(134,10): warning C4244: '=': conversion from 'double' to 'float', possible loss of data
C:\Users\somis\Downloads\ValueStreamModeling_Math-master\dll2\Brent.cpp(138,10): warning C4244: '=': conversion from 'double' to 'float', possible loss of data
C:\Users\somis\Downloads\ValueStreamModeling_Math-master\dll2\Brent.cpp(147,10): warning C4244: '=': conversion from 'double' to 'float', possible loss of data
C:\Users\somis\Downloads\ValueStreamModeling_Math-master\dll2\Brent.cpp(151,10): warning C4244: '=': conversion from 'double' to 'float', possible loss of data
C:\Users\somis\Downloads\ValueStreamModeling_Math-master\dll2\Brent.cpp(160,10): warning C4244: 'return': conversion from 'double' to 'float', possible loss of data
C:\Users\somis\Downloads\ValueStreamModeling_Math-master\dll2\Brent.cpp(167,8): warning C4244: 'return': conversion from 'double' to 'float', possible loss of data
  calc.cpp
C:\Users\somis\Downloads\ValueStreamModeling_Math-master\dll2\calc.cpp(25,9): warning C4005: 'MAX': macro redefinition
      C:\Users\somis\Downloads\ValueStreamModeling_Math-master\dll2\class_model.h(25,9):
      see previous definition of 'MAX'
  
C:\Users\somis\Downloads\ValueStreamModeling_Math-master\dll2\calc.cpp(26,9): warning C4005: 'MIN': macro redefinition
      C:\Users\somis\Downloads\ValueStreamModeling_Math-master\dll2\class_model.h(29,9):
      see previous definition of 'MIN'
  
C:\Users\somis\Downloads\ValueStreamModeling_Math-master\dll2\calc.cpp(27,10): warning C4005: 'BUFLEN': macro redefinition
      C:\Users\somis\Downloads\ValueStreamModeling_Math-master\dll2\class_eq.h(11,11):
      see previous definition of 'BUFLEN'
  
C:\Users\somis\Downloads\ValueStreamModeling_Math-master\dll2\calc.cpp(29,10): warning C4005: 'MESSAGE_SIZE': macro redefinition
      C:\Users\somis\Downloads\ValueStreamModeling_Math-master\dll2\class_eq.h(13,10):
      see previous definition of 'MESSAGE_SIZE'
  
C:\Users\somis\Downloads\ValueStreamModeling_Math-master\dll2\calc.cpp(127,26): warning C4805: '==': unsafe mix of type 'int' and type 'bool' in operation
C:\Users\somis\Downloads\ValueStreamModeling_Math-master\dll2\calc.cpp(139,27): warning C4805: '==': unsafe mix of type 'int' and type 'bool' in operation
C:\Users\somis\Downloads\ValueStreamModeling_Math-master\dll2\calc.cpp(150,32): warning C4805: '==': unsafe mix of type 'int' and type 'bool' in operation
C:\Users\somis\Downloads\ValueStreamModeling_Math-master\dll2\calc.cpp(234,17): warning C4996: 'strcpy': This function or variable may be unsafe. Consider using strcpy_s instead. To disable deprecation, use _CRT_SECURE_NO_WARNINGS. See online help for details.
C:\Users\somis\Downloads\ValueStreamModeling_Math-master\dll2\calc.cpp(235,17): warning C4996: 'strcat': This function or variable may be unsafe. Consider using strcat_s instead. To disable deprecation, use _CRT_SECURE_NO_WARNINGS. See online help for details.
C:\Users\somis\Downloads\ValueStreamModeling_Math-master\dll2\calc.cpp(243,9): warning C4996: 'strcpy': This function or variable may be unsafe. Consider using strcpy_s instead. To disable deprecation, use _CRT_SECURE_NO_WARNINGS. See online help for details.
C:\Users\somis\Downloads\ValueStreamModeling_Math-master\dll2\calc.cpp(244,43): warning C4996: 'strcat': This function or variable may be unsafe. Consider using strcat_s instead. To disable deprecation, use _CRT_SECURE_NO_WARNINGS. See online help for details.
C:\Users\somis\Downloads\ValueStreamModeling_Math-master\dll2\calc.cpp(245,43): warning C4996: 'strcat': This function or variable may be unsafe. Consider using strcat_s instead. To disable deprecation, use _CRT_SECURE_NO_WARNINGS. See online help for details.
C:\Users\somis\Downloads\ValueStreamModeling_Math-master\dll2\calc.cpp(246,39): warning C4996: 'strcat': This function or variable may be unsafe. Consider using strcat_s instead. To disable deprecation, use _CRT_SECURE_NO_WARNINGS. See online help for details.
C:\Users\somis\Downloads\ValueStreamModeling_Math-master\dll2\calc.cpp(261,37): warning C4244: '+=': conversion from 'double' to 'float', possible loss of data
C:\Users\somis\Downloads\ValueStreamModeling_Math-master\dll2\calc.cpp(263,47): warning C4244: '+=': conversion from 'double' to 'float', possible loss of data
C:\Users\somis\Downloads\ValueStreamModeling_Math-master\dll2\calc.cpp(264,39): warning C4244: '+=': conversion from 'double' to 'float', possible loss of data
C:\Users\somis\Downloads\ValueStreamModeling_Math-master\dll2\calc.cpp(266,40): warning C4244: '+=': conversion from 'double' to 'float', possible loss of data
C:\Users\somis\Downloads\ValueStreamModeling_Math-master\dll2\calc.cpp(267,49): warning C4244: '+=': conversion from 'double' to 'float', possible loss of data
C:\Users\somis\Downloads\ValueStreamModeling_Math-master\dll2\calc.cpp(75,6): warning C4101: 'o_start': unreferenced local variable
C:\Users\somis\Downloads\ValueStreamModeling_Math-master\dll2\calc.cpp(78,6): warning C4101: 'r_start': unreferenced local variable
C:\Users\somis\Downloads\ValueStreamModeling_Math-master\dll2\calc.cpp(70,16): warning C4101: 'troute': unreferenced local variable
C:\Users\somis\Downloads\ValueStreamModeling_Math-master\dll2\calc.cpp(81,6): warning C4101: 'i_start': unreferenced local variable
C:\Users\somis\Downloads\ValueStreamModeling_Math-master\dll2\calc.cpp(69,15): warning C4101: 'toper': unreferenced local variable
C:\Users\somis\Downloads\ValueStreamModeling_Math-master\dll2\calc.cpp(76,6): warning C4101: 'o_count': unreferenced local variable
C:\Users\somis\Downloads\ValueStreamModeling_Math-master\dll2\calc.cpp(79,6): warning C4101: 'r_count': unreferenced local variable
C:\Users\somis\Downloads\ValueStreamModeling_Math-master\dll2\calc.cpp(73,6): warning C4101: 'i': unreferenced local variable
C:\Users\somis\Downloads\ValueStreamModeling_Math-master\dll2\calc.cpp(71,15): warning C4101: 'tibom': unreferenced local variable
C:\Users\somis\Downloads\ValueStreamModeling_Math-master\dll2\calc.cpp(82,6): warning C4101: 'i_count': unreferenced local variable
C:\Users\somis\Downloads\ValueStreamModeling_Math-master\dll2\calc.cpp(85,13): warning C4101: 'todo': unreferenced local variable
  calc1.cpp
C:\Users\somis\Downloads\ValueStreamModeling_Math-master\dll2\calc1.cpp(24,9): warning C4005: 'MAX': macro redefinition
      C:\Users\somis\Downloads\ValueStreamModeling_Math-master\dll2\class_model.h(25,9):
      see previous definition of 'MAX'
  
C:\Users\somis\Downloads\ValueStreamModeling_Math-master\dll2\calc1.cpp(25,9): warning C4005: 'MIN': macro redefinition
      C:\Users\somis\Downloads\ValueStreamModeling_Math-master\dll2\class_model.h(29,9):
      see previous definition of 'MIN'
  
C:\Users\somis\Downloads\ValueStreamModeling_Math-master\dll2\calc1.cpp(26,10): warning C4005: 'BUFLEN': macro redefinition
      C:\Users\somis\Downloads\ValueStreamModeling_Math-master\dll2\class_eq.h(11,11):
      see previous definition of 'BUFLEN'
  
C:\Users\somis\Downloads\ValueStreamModeling_Math-master\dll2\calc1.cpp(28,10): warning C4005: 'MESSAGE_SIZE': macro redefinition
      C:\Users\somis\Downloads\ValueStreamModeling_Math-master\dll2\class_eq.h(13,10):
      see previous definition of 'MESSAGE_SIZE'
  
C:\Users\somis\Downloads\ValueStreamModeling_Math-master\dll2\calc1.cpp(210,21): warning C4244: '=': conversion from 'double' to 'float', possible loss of data
C:\Users\somis\Downloads\ValueStreamModeling_Math-master\dll2\calc1.cpp(291,19): warning C4244: '*=': conversion from 'double' to 'float', possible loss of data
C:\Users\somis\Downloads\ValueStreamModeling_Math-master\dll2\calc1.cpp(292,23): warning C4244: '*=': conversion from 'double' to 'float', possible loss of data
C:\Users\somis\Downloads\ValueStreamModeling_Math-master\dll2\calc1.cpp(293,39): warning C4244: '=': conversion from 'double' to 'float', possible loss of data
C:\Users\somis\Downloads\ValueStreamModeling_Math-master\dll2\calc1.cpp(300,19): warning C4244: '*=': conversion from 'double' to 'float', possible loss of data
C:\Users\somis\Downloads\ValueStreamModeling_Math-master\dll2\calc1.cpp(301,22): warning C4244: '*=': conversion from 'double' to 'float', possible loss of data
C:\Users\somis\Downloads\ValueStreamModeling_Math-master\dll2\calc1.cpp(355,46): warning C4244: '=': conversion from 'double' to 'float', possible loss of data
C:\Users\somis\Downloads\ValueStreamModeling_Math-master\dll2\calc1.cpp(373,46): warning C4244: '=': conversion from 'double' to 'float', possible loss of data
C:\Users\somis\Downloads\ValueStreamModeling_Math-master\dll2\calc1.cpp(407,53): warning C4244: '=': conversion from 'double' to 'float', possible loss of data
C:\Users\somis\Downloads\ValueStreamModeling_Math-master\dll2\calc1.cpp(417,21): warning C4244: '=': conversion from 'double' to 'float', possible loss of data
C:\Users\somis\Downloads\ValueStreamModeling_Math-master\dll2\calc1.cpp(454,53): warning C4244: '=': conversion from 'double' to 'float', possible loss of data
C:\Users\somis\Downloads\ValueStreamModeling_Math-master\dll2\calc1.cpp(455,22): warning C4244: '=': conversion from 'double' to 'float', possible loss of data
C:\Users\somis\Downloads\ValueStreamModeling_Math-master\dll2\calc1.cpp(520,21): warning C4244: '=': conversion from 'double' to 'float', possible loss of data
C:\Users\somis\Downloads\ValueStreamModeling_Math-master\dll2\calc1.cpp(534,33): warning C4477: 'sprintf_s' : format string '%f' requires an argument of type 'double', but variadic argument 6 has type 'long'
C:\Users\somis\Downloads\ValueStreamModeling_Math-master\dll2\calc1.cpp(590,40): warning C4244: '=': conversion from 'double' to 'float', possible loss of data
C:\Users\somis\Downloads\ValueStreamModeling_Math-master\dll2\calc1.cpp(591,38): warning C4244: '=': conversion from 'double' to 'float', possible loss of data
C:\Users\somis\Downloads\ValueStreamModeling_Math-master\dll2\calc1.cpp(592,23): warning C4244: '*=': conversion from 'double' to 'float', possible loss of data
C:\Users\somis\Downloads\ValueStreamModeling_Math-master\dll2\calc1.cpp(595,38): warning C4244: '=': conversion from 'double' to 'float', possible loss of data
C:\Users\somis\Downloads\ValueStreamModeling_Math-master\dll2\calc1.cpp(596,50): warning C4244: '=': conversion from 'double' to 'float', possible loss of data
C:\Users\somis\Downloads\ValueStreamModeling_Math-master\dll2\calc1.cpp(601,34): warning C4244: '+=': conversion from 'double' to 'float', possible loss of data
C:\Users\somis\Downloads\ValueStreamModeling_Math-master\dll2\calc1.cpp(636,54): warning C4244: '=': conversion from 'double' to 'float', possible loss of data
C:\Users\somis\Downloads\ValueStreamModeling_Math-master\dll2\calc1.cpp(637,32): warning C4244: '=': conversion from 'double' to 'float', possible loss of data
C:\Users\somis\Downloads\ValueStreamModeling_Math-master\dll2\calc1.cpp(645,19): warning C4244: '*=': conversion from 'double' to 'float', possible loss of data
C:\Users\somis\Downloads\ValueStreamModeling_Math-master\dll2\calc1.cpp(651,103): warning C4244: '=': conversion from 'double' to 'float', possible loss of data
C:\Users\somis\Downloads\ValueStreamModeling_Math-master\dll2\calc1.cpp(655,38): warning C4244: '=': conversion from 'double' to 'float', possible loss of data
C:\Users\somis\Downloads\ValueStreamModeling_Math-master\dll2\calc1.cpp(151,9): warning C4996: 'sprintf': This function or variable may be unsafe. Consider using sprintf_s instead. To disable deprecation, use _CRT_SECURE_NO_WARNINGS. See online help for details.
C:\Users\somis\Downloads\ValueStreamModeling_Math-master\dll2\calc1.cpp(362,13): warning C4996: 'sprintf': This function or variable may be unsafe. Consider using sprintf_s instead. To disable deprecation, use _CRT_SECURE_NO_WARNINGS. See online help for details.
C:\Users\somis\Downloads\ValueStreamModeling_Math-master\dll2\calc1.cpp(410,13): warning C4996: 'sprintf': This function or variable may be unsafe. Consider using sprintf_s instead. To disable deprecation, use _CRT_SECURE_NO_WARNINGS. See online help for details.
C:\Users\somis\Downloads\ValueStreamModeling_Math-master\dll2\calc1.cpp(703,13): warning C4996: 'sprintf': This function or variable may be unsafe. Consider using sprintf_s instead. To disable deprecation, use _CRT_SECURE_NO_WARNINGS. See online help for details.
C:\Users\somis\Downloads\ValueStreamModeling_Math-master\dll2\calc1.cpp(707,13): warning C4996: 'sprintf': This function or variable may be unsafe. Consider using sprintf_s instead. To disable deprecation, use _CRT_SECURE_NO_WARNINGS. See online help for details.
C:\Users\somis\Downloads\ValueStreamModeling_Math-master\dll2\calc1.cpp(712,13): warning C4996: 'sprintf': This function or variable may be unsafe. Consider using sprintf_s instead. To disable deprecation, use _CRT_SECURE_NO_WARNINGS. See online help for details.
C:\Users\somis\Downloads\ValueStreamModeling_Math-master\dll2\calc1.cpp(789,9): warning C4996: 'sprintf': This function or variable may be unsafe. Consider using sprintf_s instead. To disable deprecation, use _CRT_SECURE_NO_WARNINGS. See online help for details.
C:\Users\somis\Downloads\ValueStreamModeling_Math-master\dll2\calc1.cpp(793,9): warning C4996: 'sprintf': This function or variable may be unsafe. Consider using sprintf_s instead. To disable deprecation, use _CRT_SECURE_NO_WARNINGS. See online help for details.
C:\Users\somis\Downloads\ValueStreamModeling_Math-master\dll2\calc1.cpp(797,9): warning C4996: 'sprintf': This function or variable may be unsafe. Consider using sprintf_s instead. To disable deprecation, use _CRT_SECURE_NO_WARNINGS. See online help for details.
C:\Users\somis\Downloads\ValueStreamModeling_Math-master\dll2\calc1.cpp(158,1): warning C4102: 'restart': unreferenced label
C:\Users\somis\Downloads\ValueStreamModeling_Math-master\dll2\calc1.cpp(114,53): warning C4101: 'xbarbar': unreferenced local variable
C:\Users\somis\Downloads\ValueStreamModeling_Math-master\dll2\calc1.cpp(114,62): warning C4101: 'xbard': unreferenced local variable
C:\Users\somis\Downloads\ValueStreamModeling_Math-master\dll2\calc1.cpp(104,16): warning C4101: 'queopr': unreferenced local variable
C:\Users\somis\Downloads\ValueStreamModeling_Math-master\dll2\calc1.cpp(114,27): warning C4101: 'xl_only': unreferenced local variable
C:\Users\somis\Downloads\ValueStreamModeling_Math-master\dll2\calc1.cpp(114,18): warning C4101: 'xm_only': unreferenced local variable
C:\Users\somis\Downloads\ValueStreamModeling_Math-master\dll2\calc1.cpp(114,36): warning C4101: 'v_visit': unreferenced local variable
C:\Users\somis\Downloads\ValueStreamModeling_Math-master\dll2\calc1.cpp(95,9): warning C4101: 'i': unreferenced local variable
C:\Users\somis\Downloads\ValueStreamModeling_Math-master\dll2\calc1.cpp(114,69): warning C4101: 'xsigbar': unreferenced local variable
C:\Users\somis\Downloads\ValueStreamModeling_Math-master\dll2\calc1.cpp(114,78): warning C4101: 'cs2': unreferenced local variable
C:\Users\somis\Downloads\ValueStreamModeling_Math-master\dll2\calc1.cpp(114,11): warning C4101: 'vlam1': unreferenced local variable
C:\Users\somis\Downloads\ValueStreamModeling_Math-master\dll2\calc1.cpp(114,45): warning C4101: 'xprsqr': unreferenced local variable
C:\Users\somis\Downloads\ValueStreamModeling_Math-master\dll2\calc1.cpp(261,14): warning C4101: 's0': unreferenced local variable
C:\Users\somis\Downloads\ValueStreamModeling_Math-master\dll2\calc1.cpp(903,31): warning C4244: '=': conversion from 'double' to 'float', possible loss of data
C:\Users\somis\Downloads\ValueStreamModeling_Math-master\dll2\calc1.cpp(905,62): warning C4244: '=': conversion from 'double' to 'float', possible loss of data
C:\Users\somis\Downloads\ValueStreamModeling_Math-master\dll2\calc1.cpp(921,50): warning C4244: '=': conversion from 'double' to 'float', possible loss of data
C:\Users\somis\Downloads\ValueStreamModeling_Math-master\dll2\calc1.cpp(930,61): warning C4244: '=': conversion from 'double' to 'float', possible loss of data
C:\Users\somis\Downloads\ValueStreamModeling_Math-master\dll2\calc1.cpp(882,18): warning C4101: 'x1': unreferenced local variable
C:\Users\somis\Downloads\ValueStreamModeling_Math-master\dll2\calc1.cpp(882,22): warning C4101: 'x2': unreferenced local variable
C:\Users\somis\Downloads\ValueStreamModeling_Math-master\dll2\calc1.cpp(882,11): warning C4101: 'xtemp': unreferenced local variable
C:\Users\somis\Downloads\ValueStreamModeling_Math-master\dll2\calc1.cpp(948,21): warning C4244: '=': conversion from 'double' to 'float', possible loss of data
C:\Users\somis\Downloads\ValueStreamModeling_Math-master\dll2\calc1.cpp(945,10): warning C4101: 'buf2': unreferenced local variable
C:\Users\somis\Downloads\ValueStreamModeling_Math-master\dll2\calc1.cpp(985,23): warning C4244: '=': conversion from 'double' to 'float', possible loss of data
C:\Users\somis\Downloads\ValueStreamModeling_Math-master\dll2\calc1.cpp(990,56): warning C4244: '=': conversion from 'double' to 'float', possible loss of data
C:\Users\somis\Downloads\ValueStreamModeling_Math-master\dll2\calc1.cpp(991,29): warning C4244: '=': conversion from 'int' to 'float', possible loss of data
C:\Users\somis\Downloads\ValueStreamModeling_Math-master\dll2\calc1.cpp(1001,40): warning C4244: '=': conversion from 'double' to 'float', possible loss of data
C:\Users\somis\Downloads\ValueStreamModeling_Math-master\dll2\calc1.cpp(1005,40): warning C4244: '=': conversion from 'double' to 'float', possible loss of data
C:\Users\somis\Downloads\ValueStreamModeling_Math-master\dll2\calc1.cpp(1007,24): warning C4244: '/=': conversion from 'double' to 'float', possible loss of data
C:\Users\somis\Downloads\ValueStreamModeling_Math-master\dll2\calc1.cpp(1014,26): warning C4244: '=': conversion from 'double' to 'float', possible loss of data
C:\Users\somis\Downloads\ValueStreamModeling_Math-master\dll2\calc1.cpp(1018,26): warning C4244: '=': conversion from 'double' to 'float', possible loss of data
C:\Users\somis\Downloads\ValueStreamModeling_Math-master\dll2\calc1.cpp(1020,24): warning C4244: '/=': conversion from 'double' to 'float', possible loss of data
C:\Users\somis\Downloads\ValueStreamModeling_Math-master\dll2\calc1.cpp(1026,50): warning C4244: '=': conversion from 'double' to 'float', possible loss of data
C:\Users\somis\Downloads\ValueStreamModeling_Math-master\dll2\calc1.cpp(1027,28): warning C4244: '=': conversion from 'double' to 'float', possible loss of data
C:\Users\somis\Downloads\ValueStreamModeling_Math-master\dll2\calc1.cpp(1028,22): warning C4244: '=': conversion from 'double' to 'float', possible loss of data
C:\Users\somis\Downloads\ValueStreamModeling_Math-master\dll2\calc1.cpp(1031,40): warning C4244: '=': conversion from 'double' to 'float', possible loss of data
C:\Users\somis\Downloads\ValueStreamModeling_Math-master\dll2\calc1.cpp(1035,40): warning C4244: '=': conversion from 'double' to 'float', possible loss of data
C:\Users\somis\Downloads\ValueStreamModeling_Math-master\dll2\calc1.cpp(1040,50): warning C4244: '=': conversion from 'double' to 'float', possible loss of data
C:\Users\somis\Downloads\ValueStreamModeling_Math-master\dll2\calc1.cpp(1041,28): warning C4244: '=': conversion from 'double' to 'float', possible loss of data
C:\Users\somis\Downloads\ValueStreamModeling_Math-master\dll2\calc1.cpp(1042,22): warning C4244: '=': conversion from 'double' to 'float', possible loss of data
C:\Users\somis\Downloads\ValueStreamModeling_Math-master\dll2\calc1.cpp(1045,26): warning C4244: '=': conversion from 'double' to 'float', possible loss of data
C:\Users\somis\Downloads\ValueStreamModeling_Math-master\dll2\calc1.cpp(1049,26): warning C4244: '=': conversion from 'double' to 'float', possible loss of data
C:\Users\somis\Downloads\ValueStreamModeling_Math-master\dll2\calc1.cpp(1055,26): warning C4244: '=': conversion from 'double' to 'float', possible loss of data
C:\Users\somis\Downloads\ValueStreamModeling_Math-master\dll2\calc1.cpp(1059,26): warning C4244: '=': conversion from 'double' to 'float', possible loss of data
C:\Users\somis\Downloads\ValueStreamModeling_Math-master\dll2\calc1.cpp(1065,26): warning C4244: '=': conversion from 'double' to 'float', possible loss of data
C:\Users\somis\Downloads\ValueStreamModeling_Math-master\dll2\calc1.cpp(1068,26): warning C4244: '=': conversion from 'double' to 'float', possible loss of data
C:\Users\somis\Downloads\ValueStreamModeling_Math-master\dll2\calc1.cpp(1073,50): warning C4244: '=': conversion from 'double' to 'float', possible loss of data
C:\Users\somis\Downloads\ValueStreamModeling_Math-master\dll2\calc1.cpp(1074,28): warning C4244: '=': conversion from 'double' to 'float', possible loss of data
C:\Users\somis\Downloads\ValueStreamModeling_Math-master\dll2\calc1.cpp(1075,22): warning C4244: '=': conversion from 'double' to 'float', possible loss of data
C:\Users\somis\Downloads\ValueStreamModeling_Math-master\dll2\calc1.cpp(1079,40): warning C4244: '=': conversion from 'double' to 'float', possible loss of data
C:\Users\somis\Downloads\ValueStreamModeling_Math-master\dll2\calc1.cpp(1085,50): warning C4244: '=': conversion from 'double' to 'float', possible loss of data
C:\Users\somis\Downloads\ValueStreamModeling_Math-master\dll2\calc1.cpp(1086,28): warning C4244: '=': conversion from 'double' to 'float', possible loss of data
C:\Users\somis\Downloads\ValueStreamModeling_Math-master\dll2\calc1.cpp(1087,22): warning C4244: '=': conversion from 'double' to 'float', possible loss of data
C:\Users\somis\Downloads\ValueStreamModeling_Math-master\dll2\calc1.cpp(1091,26): warning C4244: '=': conversion from 'double' to 'float', possible loss of data
C:\Users\somis\Downloads\ValueStreamModeling_Math-master\dll2\calc1.cpp(1096,50): warning C4244: '=': conversion from 'double' to 'float', possible loss of data
C:\Users\somis\Downloads\ValueStreamModeling_Math-master\dll2\calc1.cpp(1097,28): warning C4244: '=': conversion from 'double' to 'float', possible loss of data
C:\Users\somis\Downloads\ValueStreamModeling_Math-master\dll2\calc1.cpp(1098,22): warning C4244: '=': conversion from 'double' to 'float', possible loss of data
C:\Users\somis\Downloads\ValueStreamModeling_Math-master\dll2\calc1.cpp(1101,40): warning C4244: '=': conversion from 'double' to 'float', possible loss of data
C:\Users\somis\Downloads\ValueStreamModeling_Math-master\dll2\calc1.cpp(1102,38): warning C4244: '*=': conversion from 'double' to 'float', possible loss of data
C:\Users\somis\Downloads\ValueStreamModeling_Math-master\dll2\calc1.cpp(1106,40): warning C4244: '=': conversion from 'double' to 'float', possible loss of data
C:\Users\somis\Downloads\ValueStreamModeling_Math-master\dll2\calc1.cpp(1107,38): warning C4244: '*=': conversion from 'double' to 'float', possible loss of data
C:\Users\somis\Downloads\ValueStreamModeling_Math-master\dll2\calc1.cpp(1113,50): warning C4244: '=': conversion from 'double' to 'float', possible loss of data
C:\Users\somis\Downloads\ValueStreamModeling_Math-master\dll2\calc1.cpp(1114,28): warning C4244: '=': conversion from 'double' to 'float', possible loss of data
C:\Users\somis\Downloads\ValueStreamModeling_Math-master\dll2\calc1.cpp(1115,22): warning C4244: '=': conversion from 'double' to 'float', possible loss of data
C:\Users\somis\Downloads\ValueStreamModeling_Math-master\dll2\calc1.cpp(1118,26): warning C4244: '=': conversion from 'double' to 'float', possible loss of data
C:\Users\somis\Downloads\ValueStreamModeling_Math-master\dll2\calc1.cpp(1119,38): warning C4244: '*=': conversion from 'double' to 'float', possible loss of data
C:\Users\somis\Downloads\ValueStreamModeling_Math-master\dll2\calc1.cpp(1123,26): warning C4244: '=': conversion from 'double' to 'float', possible loss of data
C:\Users\somis\Downloads\ValueStreamModeling_Math-master\dll2\calc1.cpp(1124,38): warning C4244: '*=': conversion from 'double' to 'float', possible loss of data
C:\Users\somis\Downloads\ValueStreamModeling_Math-master\dll2\calc1.cpp(1128,50): warning C4244: '=': conversion from 'double' to 'float', possible loss of data
C:\Users\somis\Downloads\ValueStreamModeling_Math-master\dll2\calc1.cpp(1129,28): warning C4244: '=': conversion from 'double' to 'float', possible loss of data
C:\Users\somis\Downloads\ValueStreamModeling_Math-master\dll2\calc1.cpp(1130,22): warning C4244: '=': conversion from 'double' to 'float', possible loss of data
C:\Users\somis\Downloads\ValueStreamModeling_Math-master\dll2\calc1.cpp(1133,40): warning C4244: '=': conversion from 'double' to 'float', possible loss of data
C:\Users\somis\Downloads\ValueStreamModeling_Math-master\dll2\calc1.cpp(1134,38): warning C4244: '*=': conversion from 'double' to 'float', possible loss of data
C:\Users\somis\Downloads\ValueStreamModeling_Math-master\dll2\calc1.cpp(1138,40): warning C4244: '=': conversion from 'double' to 'float', possible loss of data
C:\Users\somis\Downloads\ValueStreamModeling_Math-master\dll2\calc1.cpp(1139,38): warning C4244: '*=': conversion from 'double' to 'float', possible loss of data
C:\Users\somis\Downloads\ValueStreamModeling_Math-master\dll2\calc1.cpp(1145,40): warning C4244: '=': conversion from 'double' to 'float', possible loss of data
C:\Users\somis\Downloads\ValueStreamModeling_Math-master\dll2\calc1.cpp(1147,40): warning C4244: '=': conversion from 'double' to 'float', possible loss of data
C:\Users\somis\Downloads\ValueStreamModeling_Math-master\dll2\calc1.cpp(1151,26): warning C4244: '=': conversion from 'double' to 'float', possible loss of data
C:\Users\somis\Downloads\ValueStreamModeling_Math-master\dll2\calc1.cpp(1153,26): warning C4244: '=': conversion from 'double' to 'float', possible loss of data
C:\Users\somis\Downloads\ValueStreamModeling_Math-master\dll2\calc1.cpp(1157,40): warning C4244: '=': conversion from 'double' to 'float', possible loss of data
C:\Users\somis\Downloads\ValueStreamModeling_Math-master\dll2\calc1.cpp(1159,40): warning C4244: '=': conversion from 'double' to 'float', possible loss of data
C:\Users\somis\Downloads\ValueStreamModeling_Math-master\dll2\calc1.cpp(1163,26): warning C4244: '=': conversion from 'double' to 'float', possible loss of data
C:\Users\somis\Downloads\ValueStreamModeling_Math-master\dll2\calc1.cpp(1165,26): warning C4244: '=': conversion from 'double' to 'float', possible loss of data
C:\Users\somis\Downloads\ValueStreamModeling_Math-master\dll2\calc1.cpp(1171,40): warning C4244: '=': conversion from 'double' to 'float', possible loss of data
C:\Users\somis\Downloads\ValueStreamModeling_Math-master\dll2\calc1.cpp(1173,40): warning C4244: '=': conversion from 'double' to 'float', possible loss of data
C:\Users\somis\Downloads\ValueStreamModeling_Math-master\dll2\calc1.cpp(1177,26): warning C4244: '=': conversion from 'double' to 'float', possible loss of data
C:\Users\somis\Downloads\ValueStreamModeling_Math-master\dll2\calc1.cpp(1179,26): warning C4244: '=': conversion from 'double' to 'float', possible loss of data
C:\Users\somis\Downloads\ValueStreamModeling_Math-master\dll2\calc1.cpp(982,10): warning C4101: 'buf1': unreferenced local variable
C:\Users\somis\Downloads\ValueStreamModeling_Math-master\dll2\calc1.cpp(1198,10): warning C4101: 'buf1': unreferenced local variable
C:\Users\somis\Downloads\ValueStreamModeling_Math-master\dll2\calc1.cpp(1197,9): warning C4101: 'i': unreferenced local variable
C:\Users\somis\Downloads\ValueStreamModeling_Math-master\dll2\calc1.cpp(1280,16): warning C4244: '=': conversion from 'double' to 'float', possible loss of data
C:\Users\somis\Downloads\ValueStreamModeling_Math-master\dll2\calc1.cpp(1298,63): warning C4244: '+=': conversion from 'double' to 'float', possible loss of data
C:\Users\somis\Downloads\ValueStreamModeling_Math-master\dll2\calc1.cpp(1299,52): warning C4244: '+=': conversion from 'double' to 'float', possible loss of data
C:\Users\somis\Downloads\ValueStreamModeling_Math-master\dll2\calc1.cpp(1313,94): warning C4244: 'argument': conversion from 'double' to 'float', possible loss of data
C:\Users\somis\Downloads\ValueStreamModeling_Math-master\dll2\calc1.cpp(1353,31): warning C4244: '=': conversion from 'double' to 'float', possible loss of data
C:\Users\somis\Downloads\ValueStreamModeling_Math-master\dll2\calc1.cpp(1354,49): warning C4244: '=': conversion from 'double' to 'float', possible loss of data
C:\Users\somis\Downloads\ValueStreamModeling_Math-master\dll2\calc1.cpp(1355,28): warning C4244: 'argument': conversion from 'double' to 'float', possible loss of data
C:\Users\somis\Downloads\ValueStreamModeling_Math-master\dll2\calc1.cpp(1357,12): warning C4244: 'argument': conversion from 'double' to 'float', possible loss of data
C:\Users\somis\Downloads\ValueStreamModeling_Math-master\dll2\calc1.cpp(1359,12): warning C4244: 'argument': conversion from 'double' to 'float', possible loss of data
C:\Users\somis\Downloads\ValueStreamModeling_Math-master\dll2\calc1.cpp(1362,59): warning C4244: 'argument': conversion from 'double' to 'float', possible loss of data
C:\Users\somis\Downloads\ValueStreamModeling_Math-master\dll2\calc1.cpp(1362,16): warning C4244: '=': conversion from 'double' to 'float', possible loss of data
C:\Users\somis\Downloads\ValueStreamModeling_Math-master\dll2\calc1.cpp(1365,30): warning C4244: '=': conversion from 'double' to 'float', possible loss of data
C:\Users\somis\Downloads\ValueStreamModeling_Math-master\dll2\calc1.cpp(1369,30): warning C4244: '=': conversion from 'double' to 'float', possible loss of data
C:\Users\somis\Downloads\ValueStreamModeling_Math-master\dll2\calc1.cpp(1370,32): warning C4244: '=': conversion from 'double' to 'float', possible loss of data
C:\Users\somis\Downloads\ValueStreamModeling_Math-master\dll2\calc1.cpp(1374,30): warning C4244: '=': conversion from 'double' to 'float', possible loss of data
C:\Users\somis\Downloads\ValueStreamModeling_Math-master\dll2\calc1.cpp(1375,32): warning C4244: '=': conversion from 'double' to 'float', possible loss of data
C:\Users\somis\Downloads\ValueStreamModeling_Math-master\dll2\calc1.cpp(1376,57): warning C4244: '=': conversion from 'double' to 'float', possible loss of data
C:\Users\somis\Downloads\ValueStreamModeling_Math-master\dll2\calc1.cpp(1380,10): warning C4244: '=': conversion from 'double' to 'float', possible loss of data
C:\Users\somis\Downloads\ValueStreamModeling_Math-master\dll2\calc1.cpp(1384,37): warning C4244: '=': conversion from 'double' to 'float', possible loss of data
C:\Users\somis\Downloads\ValueStreamModeling_Math-master\dll2\calc1.cpp(1387,34): warning C4244: '=': conversion from 'double' to 'float', possible loss of data
C:\Users\somis\Downloads\ValueStreamModeling_Math-master\dll2\calc1.cpp(1389,28): warning C4244: '=': conversion from 'double' to 'float', possible loss of data
C:\Users\somis\Downloads\ValueStreamModeling_Math-master\dll2\calc1.cpp(1390,27): warning C4244: '=': conversion from 'double' to 'float', possible loss of data
  calc11.cpp
C:\Users\somis\Downloads\ValueStreamModeling_Math-master\dll2\calc1.h(9,9): warning C4005: 'MAX': macro redefinition
  (compiling source file 'calc11.cpp')
      C:\Users\somis\Downloads\ValueStreamModeling_Math-master\dll2\class_model.h(25,9):
      see previous definition of 'MAX'
  
C:\Users\somis\Downloads\ValueStreamModeling_Math-master\dll2\calc1.h(10,9): warning C4005: 'MIN': macro redefinition
  (compiling source file 'calc11.cpp')
      C:\Users\somis\Downloads\ValueStreamModeling_Math-master\dll2\class_model.h(29,9):
      see previous definition of 'MIN'
  
C:\Users\somis\Downloads\ValueStreamModeling_Math-master\dll2\calc11.cpp(133,50): warning C4805: '==': unsafe mix of type 'int' and type 'bool' in operation
C:\Users\somis\Downloads\ValueStreamModeling_Math-master\dll2\calc11.cpp(148,38): warning C4244: '+=': conversion from 'double' to 'float', possible loss of data
C:\Users\somis\Downloads\ValueStreamModeling_Math-master\dll2\calc11.cpp(62,3): warning C4996: 'sprintf': This function or variable may be unsafe. Consider using sprintf_s instead. To disable deprecation, use _CRT_SECURE_NO_WARNINGS. See online help for details.
C:\Users\somis\Downloads\ValueStreamModeling_Math-master\dll2\calc11.cpp(72,4): warning C4996: 'sprintf': This function or variable may be unsafe. Consider using sprintf_s instead. To disable deprecation, use _CRT_SECURE_NO_WARNINGS. See online help for details.
C:\Users\somis\Downloads\ValueStreamModeling_Math-master\dll2\calc11.cpp(113,4): warning C4996: 'sprintf': This function or variable may be unsafe. Consider using sprintf_s instead. To disable deprecation, use _CRT_SECURE_NO_WARNINGS. See online help for details.
C:\Users\somis\Downloads\ValueStreamModeling_Math-master\dll2\calc11.cpp(151,3): warning C4996: 'sprintf': This function or variable may be unsafe. Consider using sprintf_s instead. To disable deprecation, use _CRT_SECURE_NO_WARNINGS. See online help for details.
C:\Users\somis\Downloads\ValueStreamModeling_Math-master\dll2\calc11.cpp(47,19): warning C4101: 'x1': unreferenced local variable
C:\Users\somis\Downloads\ValueStreamModeling_Math-master\dll2\calc11.cpp(229,22): warning C4244: '=': conversion from 'double' to 'float', possible loss of data
C:\Users\somis\Downloads\ValueStreamModeling_Math-master\dll2\calc11.cpp(299,15): warning C4244: '*=': conversion from 'double' to 'float', possible loss of data
C:\Users\somis\Downloads\ValueStreamModeling_Math-master\dll2\calc11.cpp(300,14): warning C4244: '*=': conversion from 'double' to 'float', possible loss of data
C:\Users\somis\Downloads\ValueStreamModeling_Math-master\dll2\calc11.cpp(302,27): warning C4244: '*=': conversion from 'double' to 'float', possible loss of data
C:\Users\somis\Downloads\ValueStreamModeling_Math-master\dll2\calc11.cpp(305,22): warning C4244: '=': conversion from 'double' to 'float', possible loss of data
C:\Users\somis\Downloads\ValueStreamModeling_Math-master\dll2\calc11.cpp(306,31): warning C4244: '=': conversion from 'double' to 'float', possible loss of data
C:\Users\somis\Downloads\ValueStreamModeling_Math-master\dll2\calc11.cpp(349,27): warning C4244: '*=': conversion from 'double' to 'float', possible loss of data
C:\Users\somis\Downloads\ValueStreamModeling_Math-master\dll2\calc11.cpp(352,27): warning C4244: '*=': conversion from 'double' to 'float', possible loss of data
C:\Users\somis\Downloads\ValueStreamModeling_Math-master\dll2\calc11.cpp(369,141): warning C4474: 'sprintf' : too many arguments passed for format string
      C:\Users\somis\Downloads\ValueStreamModeling_Math-master\dll2\calc11.cpp(369,141):
      placeholders and their parameters expect 6 variadic arguments, but 7 were provided
  
C:\Users\somis\Downloads\ValueStreamModeling_Math-master\dll2\calc11.cpp(378,40): warning C4244: '=': conversion from 'double' to 'float', possible loss of data
C:\Users\somis\Downloads\ValueStreamModeling_Math-master\dll2\calc11.cpp(409,37): warning C4244: '=': conversion from 'double' to 'float', possible loss of data
C:\Users\somis\Downloads\ValueStreamModeling_Math-master\dll2\calc11.cpp(410,26): warning C4244: '=': conversion from 'double' to 'float', possible loss of data
C:\Users\somis\Downloads\ValueStreamModeling_Math-master\dll2\calc11.cpp(413,31): warning C4244: '=': conversion from 'double' to 'float', possible loss of data
C:\Users\somis\Downloads\ValueStreamModeling_Math-master\dll2\calc11.cpp(423,10): warning C4244: '=': conversion from 'double' to 'float', possible loss of data
C:\Users\somis\Downloads\ValueStreamModeling_Math-master\dll2\calc11.cpp(424,99): warning C4244: '+=': conversion from 'double' to 'float', possible loss of data
C:\Users\somis\Downloads\ValueStreamModeling_Math-master\dll2\calc11.cpp(428,28): warning C4244: '=': conversion from 'double' to 'float', possible loss of data
C:\Users\somis\Downloads\ValueStreamModeling_Math-master\dll2\calc11.cpp(450,37): warning C4244: '=': conversion from 'double' to 'float', possible loss of data
C:\Users\somis\Downloads\ValueStreamModeling_Math-master\dll2\calc11.cpp(451,56): warning C4244: '=': conversion from 'double' to 'float', possible loss of data
C:\Users\somis\Downloads\ValueStreamModeling_Math-master\dll2\calc11.cpp(454,38): warning C4244: '+=': conversion from 'double' to 'float', possible loss of data
C:\Users\somis\Downloads\ValueStreamModeling_Math-master\dll2\calc11.cpp(455,95): warning C4244: '+=': conversion from 'double' to 'float', possible loss of data
C:\Users\somis\Downloads\ValueStreamModeling_Math-master\dll2\calc11.cpp(460,10): warning C4244: '=': conversion from 'double' to 'float', possible loss of data
C:\Users\somis\Downloads\ValueStreamModeling_Math-master\dll2\calc11.cpp(463,109): warning C4244: '=': conversion from 'double' to 'float', possible loss of data
C:\Users\somis\Downloads\ValueStreamModeling_Math-master\dll2\calc11.cpp(471,28): warning C4244: '=': conversion from 'double' to 'float', possible loss of data
C:\Users\somis\Downloads\ValueStreamModeling_Math-master\dll2\calc11.cpp(282,4): warning C4996: 'sprintf': This function or variable may be unsafe. Consider using sprintf_s instead. To disable deprecation, use _CRT_SECURE_NO_WARNINGS. See online help for details.
C:\Users\somis\Downloads\ValueStreamModeling_Math-master\dll2\calc11.cpp(321,5): warning C4996: 'sprintf': This function or variable may be unsafe. Consider using sprintf_s instead. To disable deprecation, use _CRT_SECURE_NO_WARNINGS. See online help for details.
C:\Users\somis\Downloads\ValueStreamModeling_Math-master\dll2\calc11.cpp(324,5): warning C4996: 'sprintf': This function or variable may be unsafe. Consider using sprintf_s instead. To disable deprecation, use _CRT_SECURE_NO_WARNINGS. See online help for details.
C:\Users\somis\Downloads\ValueStreamModeling_Math-master\dll2\calc11.cpp(354,5): warning C4996: 'sprintf': This function or variable may be unsafe. Consider using sprintf_s instead. To disable deprecation, use _CRT_SECURE_NO_WARNINGS. See online help for details.
C:\Users\somis\Downloads\ValueStreamModeling_Math-master\dll2\calc11.cpp(366,5): warning C4996: 'sprintf': This function or variable may be unsafe. Consider using sprintf_s instead. To disable deprecation, use _CRT_SECURE_NO_WARNINGS. See online help for details.
C:\Users\somis\Downloads\ValueStreamModeling_Math-master\dll2\calc11.cpp(369,5): warning C4996: 'sprintf': This function or variable may be unsafe. Consider using sprintf_s instead. To disable deprecation, use _CRT_SECURE_NO_WARNINGS. See online help for details.
C:\Users\somis\Downloads\ValueStreamModeling_Math-master\dll2\calc11.cpp(379,3): warning C4996: 'sprintf': This function or variable may be unsafe. Consider using sprintf_s instead. To disable deprecation, use _CRT_SECURE_NO_WARNINGS. See online help for details.
C:\Users\somis\Downloads\ValueStreamModeling_Math-master\dll2\calc11.cpp(466,5): warning C4996: 'sprintf': This function or variable may be unsafe. Consider using sprintf_s instead. To disable deprecation, use _CRT_SECURE_NO_WARNINGS. See online help for details.
C:\Users\somis\Downloads\ValueStreamModeling_Math-master\dll2\calc11.cpp(474,3): warning C4996: 'sprintf': This function or variable may be unsafe. Consider using sprintf_s instead. To disable deprecation, use _CRT_SECURE_NO_WARNINGS. See online help for details.
C:\Users\somis\Downloads\ValueStreamModeling_Math-master\dll2\calc11.cpp(192,13): warning C4101: 'b2': unreferenced local variable
C:\Users\somis\Downloads\ValueStreamModeling_Math-master\dll2\calc11.cpp(191,9): warning C4101: 'b': unreferenced local variable
C:\Users\somis\Downloads\ValueStreamModeling_Math-master\dll2\calc11.cpp(194,26): warning C4101: 'xprsig': unreferenced local variable
C:\Users\somis\Downloads\ValueStreamModeling_Math-master\dll2\calc11.cpp(192,17): warning C4101: 'b3': unreferenced local variable
C:\Users\somis\Downloads\ValueStreamModeling_Math-master\dll2\calc11.cpp(195,9): warning C4101: 't1': unreferenced local variable
C:\Users\somis\Downloads\ValueStreamModeling_Math-master\dll2\calc11.cpp(192,21): warning C4101: 'b4': unreferenced local variable
C:\Users\somis\Downloads\ValueStreamModeling_Math-master\dll2\calc11.cpp(179,9): warning C4101: 'Vop': unreferenced local variable
C:\Users\somis\Downloads\ValueStreamModeling_Math-master\dll2\calc11.cpp(192,9): warning C4101: 'b1': unreferenced local variable
C:\Users\somis\Downloads\ValueStreamModeling_Math-master\dll2\calc11.cpp(619,2): warning C4996: 'sprintf': This function or variable may be unsafe. Consider using sprintf_s instead. To disable deprecation, use _CRT_SECURE_NO_WARNINGS. See online help for details.
C:\Users\somis\Downloads\ValueStreamModeling_Math-master\dll2\calc11.cpp(627,7): warning C4996: 'sprintf': This function or variable may be unsafe. Consider using sprintf_s instead. To disable deprecation, use _CRT_SECURE_NO_WARNINGS. See online help for details.
C:\Users\somis\Downloads\ValueStreamModeling_Math-master\dll2\calc11.cpp(671,8): warning C4067: unexpected tokens following preprocessor directive - expected a newline
  calc12.cpp
C:\Users\somis\Downloads\ValueStreamModeling_Math-master\dll2\calc12.cpp(139,16): warning C4244: '=': conversion from 'double' to 'float', possible loss of data
C:\Users\somis\Downloads\ValueStreamModeling_Math-master\dll2\calc12.cpp(141,3): warning C4996: 'sprintf': This function or variable may be unsafe. Consider using sprintf_s instead. To disable deprecation, use _CRT_SECURE_NO_WARNINGS. See online help for details.
C:\Users\somis\Downloads\ValueStreamModeling_Math-master\dll2\calc12.cpp(44,10): warning C4101: 'partial_2': unreferenced local variable
C:\Users\somis\Downloads\ValueStreamModeling_Math-master\dll2\calc12.cpp(50,10): warning C4101: 'p3': unreferenced local variable
C:\Users\somis\Downloads\ValueStreamModeling_Math-master\dll2\calc12.cpp(48,10): warning C4101: 'p1': unreferenced local variable
C:\Users\somis\Downloads\ValueStreamModeling_Math-master\dll2\calc12.cpp(49,10): warning C4101: 'p2': unreferenced local variable
C:\Users\somis\Downloads\ValueStreamModeling_Math-master\dll2\calc12.cpp(45,10): warning C4101: 'partial_3': unreferenced local variable
  calc2.cpp
C:\Users\somis\Downloads\ValueStreamModeling_Math-master\dll2\calc1.h(9,9): warning C4005: 'MAX': macro redefinition
  (compiling source file 'calc2.cpp')
      C:\Users\somis\Downloads\ValueStreamModeling_Math-master\dll2\class_model.h(25,9):
      see previous definition of 'MAX'
  
C:\Users\somis\Downloads\ValueStreamModeling_Math-master\dll2\calc1.h(10,9): warning C4005: 'MIN': macro redefinition
  (compiling source file 'calc2.cpp')
      C:\Users\somis\Downloads\ValueStreamModeling_Math-master\dll2\class_model.h(29,9):
      see previous definition of 'MIN'
  
C:\Users\somis\Downloads\ValueStreamModeling_Math-master\dll2\calc2.cpp(79,35): warning C4244: '*=': conversion from 'double' to 'float', possible loss of data
C:\Users\somis\Downloads\ValueStreamModeling_Math-master\dll2\calc2.cpp(82,35): warning C4244: '*=': conversion from 'double' to 'float', possible loss of data
C:\Users\somis\Downloads\ValueStreamModeling_Math-master\dll2\calc2.cpp(84,37): warning C4244: '*=': conversion from 'double' to 'float', possible loss of data
C:\Users\somis\Downloads\ValueStreamModeling_Math-master\dll2\calc2.cpp(87,50): warning C4244: '=': conversion from 'double' to 'float', possible loss of data
C:\Users\somis\Downloads\ValueStreamModeling_Math-master\dll2\calc2.cpp(92,35): warning C4244: '=': conversion from 'double' to 'float', possible loss of data
C:\Users\somis\Downloads\ValueStreamModeling_Math-master\dll2\calc2.cpp(95,41): warning C4244: '*=': conversion from 'double' to 'float', possible loss of data
C:\Users\somis\Downloads\ValueStreamModeling_Math-master\dll2\calc2.cpp(97,39): warning C4244: '=': conversion from 'double' to 'float', possible loss of data
C:\Users\somis\Downloads\ValueStreamModeling_Math-master\dll2\calc2.cpp(124,40): warning C4244: '=': conversion from 'double' to 'float', possible loss of data
C:\Users\somis\Downloads\ValueStreamModeling_Math-master\dll2\calc2.cpp(126,71): warning C4244: '=': conversion from 'double' to 'float', possible loss of data
C:\Users\somis\Downloads\ValueStreamModeling_Math-master\dll2\calc2.cpp(107,7): warning C4996: 'sprintf': This function or variable may be unsafe. Consider using sprintf_s instead. To disable deprecation, use _CRT_SECURE_NO_WARNINGS. See online help for details.
C:\Users\somis\Downloads\ValueStreamModeling_Math-master\dll2\calc2.cpp(136,6): warning C4996: 'sprintf': This function or variable may be unsafe. Consider using sprintf_s instead. To disable deprecation, use _CRT_SECURE_NO_WARNINGS. See online help for details.
C:\Users\somis\Downloads\ValueStreamModeling_Math-master\dll2\calc2.cpp(196,17): warning C4996: 'sprintf': This function or variable may be unsafe. Consider using sprintf_s instead. To disable deprecation, use _CRT_SECURE_NO_WARNINGS. See online help for details.
C:\Users\somis\Downloads\ValueStreamModeling_Math-master\dll2\calc2.cpp(197,5): warning C4996: 'sprintf': This function or variable may be unsafe. Consider using sprintf_s instead. To disable deprecation, use _CRT_SECURE_NO_WARNINGS. See online help for details.
C:\Users\somis\Downloads\ValueStreamModeling_Math-master\dll2\calc2.cpp(61,7): warning C4101: 'i': unreferenced local variable
C:\Users\somis\Downloads\ValueStreamModeling_Math-master\dll2\calc2.cpp(245,5): warning C4996: 'sprintf': This function or variable may be unsafe. Consider using sprintf_s instead. To disable deprecation, use _CRT_SECURE_NO_WARNINGS. See online help for details.
C:\Users\somis\Downloads\ValueStreamModeling_Math-master\dll2\calc2.cpp(256,6): warning C4996: 'sprintf': This function or variable may be unsafe. Consider using sprintf_s instead. To disable deprecation, use _CRT_SECURE_NO_WARNINGS. See online help for details.
C:\Users\somis\Downloads\ValueStreamModeling_Math-master\dll2\calc2.cpp(383,7): warning C4996: 'sprintf': This function or variable may be unsafe. Consider using sprintf_s instead. To disable deprecation, use _CRT_SECURE_NO_WARNINGS. See online help for details.
C:\Users\somis\Downloads\ValueStreamModeling_Math-master\dll2\calc2.cpp(400,7): warning C4996: 'sprintf': This function or variable may be unsafe. Consider using sprintf_s instead. To disable deprecation, use _CRT_SECURE_NO_WARNINGS. See online help for details.
C:\Users\somis\Downloads\ValueStreamModeling_Math-master\dll2\calc2.cpp(220,19): warning C4101: 'k': unreferenced local variable
C:\Users\somis\Downloads\ValueStreamModeling_Math-master\dll2\calc2.cpp(221,8): warning C4101: 'buf': unreferenced local variable
C:\Users\somis\Downloads\ValueStreamModeling_Math-master\dll2\calc2.cpp(220,16): warning C4101: 'j': unreferenced local variable
C:\Users\somis\Downloads\ValueStreamModeling_Math-master\dll2\calc2.cpp(227,10): warning C4101: 'fout1': unreferenced local variable
C:\Users\somis\Downloads\ValueStreamModeling_Math-master\dll2\calc2.cpp(502,21): warning C4101: 'x_m': unreferenced local variable
C:\Users\somis\Downloads\ValueStreamModeling_Math-master\dll2\calc2.cpp(502,16): warning C4101: 'x_n': unreferenced local variable
  calc3.cpp
C:\Users\somis\Downloads\ValueStreamModeling_Math-master\dll2\calc1.h(9,9): warning C4005: 'MAX': macro redefinition
  (compiling source file 'calc3.cpp')
      C:\Users\somis\Downloads\ValueStreamModeling_Math-master\dll2\class_model.h(25,9):
      see previous definition of 'MAX'
  
C:\Users\somis\Downloads\ValueStreamModeling_Math-master\dll2\calc1.h(10,9): warning C4005: 'MIN': macro redefinition
  (compiling source file 'calc3.cpp')
      C:\Users\somis\Downloads\ValueStreamModeling_Math-master\dll2\class_model.h(29,9):
      see previous definition of 'MIN'
  
C:\Users\somis\Downloads\ValueStreamModeling_Math-master\dll2\calc3.cpp(22,10): warning C4005: 'BUFLEN': macro redefinition
      C:\Users\somis\Downloads\ValueStreamModeling_Math-master\dll2\class_eq.h(11,11):
      see previous definition of 'BUFLEN'
  
C:\Users\somis\Downloads\ValueStreamModeling_Math-master\dll2\calc3.cpp(24,10): warning C4005: 'MESSAGE_SIZE': macro redefinition
      C:\Users\somis\Downloads\ValueStreamModeling_Math-master\dll2\class_eq.h(13,10):
      see previous definition of 'MESSAGE_SIZE'
  
C:\Users\somis\Downloads\ValueStreamModeling_Math-master\dll2\calc3.cpp(195,130): warning C4244: '+=': conversion from 'double' to 'float', possible loss of data
C:\Users\somis\Downloads\ValueStreamModeling_Math-master\dll2\calc3.cpp(266,135): warning C4244: '=': conversion from 'double' to 'float', possible loss of data
C:\Users\somis\Downloads\ValueStreamModeling_Math-master\dll2\calc3.cpp(313,17): warning C4244: '=': conversion from 'double' to 'float', possible loss of data
C:\Users\somis\Downloads\ValueStreamModeling_Math-master\dll2\calc3.cpp(319,10): warning C4244: '=': conversion from 'double' to 'float', possible loss of data
C:\Users\somis\Downloads\ValueStreamModeling_Math-master\dll2\calc3.cpp(320,18): warning C4244: '=': conversion from 'double' to 'float', possible loss of data
C:\Users\somis\Downloads\ValueStreamModeling_Math-master\dll2\calc3.cpp(322,15): warning C4244: '=': conversion from 'double' to 'float', possible loss of data
C:\Users\somis\Downloads\ValueStreamModeling_Math-master\dll2\calc3.cpp(385,30): warning C4244: '=': conversion from 'double' to 'float', possible loss of data
C:\Users\somis\Downloads\ValueStreamModeling_Math-master\dll2\calc3.cpp(417,38): warning C4244: '=': conversion from 'double' to 'float', possible loss of data
C:\Users\somis\Downloads\ValueStreamModeling_Math-master\dll2\calc3.cpp(428,68): warning C4244: '=': conversion from 'double' to 'float', possible loss of data
C:\Users\somis\Downloads\ValueStreamModeling_Math-master\dll2\calc3.cpp(435,30): warning C4244: '=': conversion from 'double' to 'float', possible loss of data
C:\Users\somis\Downloads\ValueStreamModeling_Math-master\dll2\calc3.cpp(436,79): warning C4244: '=': conversion from 'double' to 'float', possible loss of data
C:\Users\somis\Downloads\ValueStreamModeling_Math-master\dll2\calc3.cpp(457,53): warning C4244: '=': conversion from 'double' to 'float', possible loss of data
C:\Users\somis\Downloads\ValueStreamModeling_Math-master\dll2\calc3.cpp(207,16): warning C4996: 'sprintf': This function or variable may be unsafe. Consider using sprintf_s instead. To disable deprecation, use _CRT_SECURE_NO_WARNINGS. See online help for details.
C:\Users\somis\Downloads\ValueStreamModeling_Math-master\dll2\calc3.cpp(209,16): warning C4996: 'sprintf': This function or variable may be unsafe. Consider using sprintf_s instead. To disable deprecation, use _CRT_SECURE_NO_WARNINGS. See online help for details.
C:\Users\somis\Downloads\ValueStreamModeling_Math-master\dll2\calc3.cpp(363,17): warning C4996: 'sprintf': This function or variable may be unsafe. Consider using sprintf_s instead. To disable deprecation, use _CRT_SECURE_NO_WARNINGS. See online help for details.
C:\Users\somis\Downloads\ValueStreamModeling_Math-master\dll2\calc3.cpp(364,5): warning C4996: 'sprintf': This function or variable may be unsafe. Consider using sprintf_s instead. To disable deprecation, use _CRT_SECURE_NO_WARNINGS. See online help for details.
C:\Users\somis\Downloads\ValueStreamModeling_Math-master\dll2\calc3.cpp(438,25): warning C4996: 'sprintf': This function or variable may be unsafe. Consider using sprintf_s instead. To disable deprecation, use _CRT_SECURE_NO_WARNINGS. See online help for details.
C:\Users\somis\Downloads\ValueStreamModeling_Math-master\dll2\calc3.cpp(439,7): warning C4996: 'sprintf': This function or variable may be unsafe. Consider using sprintf_s instead. To disable deprecation, use _CRT_SECURE_NO_WARNINGS. See online help for details.
C:\Users\somis\Downloads\ValueStreamModeling_Math-master\dll2\calc3.cpp(451,17): warning C4996: 'sprintf': This function or variable may be unsafe. Consider using sprintf_s instead. To disable deprecation, use _CRT_SECURE_NO_WARNINGS. See online help for details.
C:\Users\somis\Downloads\ValueStreamModeling_Math-master\dll2\calc3.cpp(452,5): warning C4996: 'sprintf': This function or variable may be unsafe. Consider using sprintf_s instead. To disable deprecation, use _CRT_SECURE_NO_WARNINGS. See online help for details.
C:\Users\somis\Downloads\ValueStreamModeling_Math-master\dll2\calc3.cpp(459,17): warning C4996: 'sprintf': This function or variable may be unsafe. Consider using sprintf_s instead. To disable deprecation, use _CRT_SECURE_NO_WARNINGS. See online help for details.
C:\Users\somis\Downloads\ValueStreamModeling_Math-master\dll2\calc3.cpp(460,5): warning C4996: 'sprintf': This function or variable may be unsafe. Consider using sprintf_s instead. To disable deprecation, use _CRT_SECURE_NO_WARNINGS. See online help for details.
C:\Users\somis\Downloads\ValueStreamModeling_Math-master\dll2\calc3.cpp(480,16): warning C4996: 'sprintf': This function or variable may be unsafe. Consider using sprintf_s instead. To disable deprecation, use _CRT_SECURE_NO_WARNINGS. See online help for details.
C:\Users\somis\Downloads\ValueStreamModeling_Math-master\dll2\calc3.cpp(486,16): warning C4996: 'sprintf': This function or variable may be unsafe. Consider using sprintf_s instead. To disable deprecation, use _CRT_SECURE_NO_WARNINGS. See online help for details.
C:\Users\somis\Downloads\ValueStreamModeling_Math-master\dll2\calc3.cpp(518,17): warning C4996: 'sprintf': This function or variable may be unsafe. Consider using sprintf_s instead. To disable deprecation, use _CRT_SECURE_NO_WARNINGS. See online help for details.
C:\Users\somis\Downloads\ValueStreamModeling_Math-master\dll2\calc3.cpp(519,5): warning C4996: 'sprintf': This function or variable may be unsafe. Consider using sprintf_s instead. To disable deprecation, use _CRT_SECURE_NO_WARNINGS. See online help for details.
C:\Users\somis\Downloads\ValueStreamModeling_Math-master\dll2\calc3.cpp(70,1): warning C4102: 'mem_again': unreferenced label
  calc4.cpp
C:\Users\somis\Downloads\ValueStreamModeling_Math-master\dll2\calc1.h(9,9): warning C4005: 'MAX': macro redefinition
  (compiling source file 'calc4.cpp')
      C:\Users\somis\Downloads\ValueStreamModeling_Math-master\dll2\class_model.h(25,9):
      see previous definition of 'MAX'
  
C:\Users\somis\Downloads\ValueStreamModeling_Math-master\dll2\calc1.h(10,9): warning C4005: 'MIN': macro redefinition
  (compiling source file 'calc4.cpp')
      C:\Users\somis\Downloads\ValueStreamModeling_Math-master\dll2\class_model.h(29,9):
      see previous definition of 'MIN'
  
C:\Users\somis\Downloads\ValueStreamModeling_Math-master\dll2\calc4.cpp(23,10): warning C4005: 'MESSAGE_SIZE': macro redefinition
      C:\Users\somis\Downloads\ValueStreamModeling_Math-master\dll2\class_eq.h(13,10):
      see previous definition of 'MESSAGE_SIZE'
  
C:\Users\somis\Downloads\ValueStreamModeling_Math-master\dll2\calc4.cpp(86,42): warning C4244: '=': conversion from 'double' to 'float', possible loss of data
C:\Users\somis\Downloads\ValueStreamModeling_Math-master\dll2\calc4.cpp(87,28): warning C4244: '=': conversion from 'double' to 'float', possible loss of data
C:\Users\somis\Downloads\ValueStreamModeling_Math-master\dll2\calc4.cpp(88,41): warning C4244: '=': conversion from 'double' to 'float', possible loss of data
C:\Users\somis\Downloads\ValueStreamModeling_Math-master\dll2\calc4.cpp(90,48): warning C4244: '=': conversion from 'double' to 'float', possible loss of data
C:\Users\somis\Downloads\ValueStreamModeling_Math-master\dll2\calc4.cpp(91,56): warning C4244: '=': conversion from 'double' to 'float', possible loss of data
C:\Users\somis\Downloads\ValueStreamModeling_Math-master\dll2\calc4.cpp(97,53): warning C4244: '=': conversion from 'double' to 'float', possible loss of data
C:\Users\somis\Downloads\ValueStreamModeling_Math-master\dll2\calc4.cpp(106,75): warning C4244: '=': conversion from 'double' to 'float', possible loss of data
C:\Users\somis\Downloads\ValueStreamModeling_Math-master\dll2\calc4.cpp(130,8): warning C4101: 'buf1': unreferenced local variable
C:\Users\somis\Downloads\ValueStreamModeling_Math-master\dll2\calc4.cpp(134,7): warning C4101: 'i': unreferenced local variable
C:\Users\somis\Downloads\ValueStreamModeling_Math-master\dll2\calc4.cpp(203,3): warning C4996: 'strcpy': This function or variable may be unsafe. Consider using strcpy_s instead. To disable deprecation, use _CRT_SECURE_NO_WARNINGS. See online help for details.
C:\Users\somis\Downloads\ValueStreamModeling_Math-master\dll2\calc4.cpp(206,3): warning C4996: 'strcpy': This function or variable may be unsafe. Consider using strcpy_s instead. To disable deprecation, use _CRT_SECURE_NO_WARNINGS. See online help for details.
C:\Users\somis\Downloads\ValueStreamModeling_Math-master\dll2\calc4.cpp(222,39): warning C4244: '=': conversion from 'double' to 'float', possible loss of data
C:\Users\somis\Downloads\ValueStreamModeling_Math-master\dll2\calc4.cpp(225,53): warning C4244: '=': conversion from 'double' to 'float', possible loss of data
C:\Users\somis\Downloads\ValueStreamModeling_Math-master\dll2\calc4.cpp(197,7): warning C4101: 'i': unreferenced local variable
C:\Users\somis\Downloads\ValueStreamModeling_Math-master\dll2\calc4.cpp(271,37): warning C4244: '=': conversion from 'double' to 'float', possible loss of data
C:\Users\somis\Downloads\ValueStreamModeling_Math-master\dll2\calc4.cpp(248,7): warning C4101: 'i': unreferenced local variable
  calc5.cpp
C:\Users\somis\Downloads\ValueStreamModeling_Math-master\dll2\calc1.h(9,9): warning C4005: 'MAX': macro redefinition
  (compiling source file 'calc5.cpp')
      C:\Users\somis\Downloads\ValueStreamModeling_Math-master\dll2\class_model.h(25,9):
      see previous definition of 'MAX'
  
C:\Users\somis\Downloads\ValueStreamModeling_Math-master\dll2\calc1.h(10,9): warning C4005: 'MIN': macro redefinition
  (compiling source file 'calc5.cpp')
      C:\Users\somis\Downloads\ValueStreamModeling_Math-master\dll2\class_model.h(29,9):
      see previous definition of 'MIN'
  
C:\Users\somis\Downloads\ValueStreamModeling_Math-master\dll2\calc5.cpp(54,23): warning C4244: '=': conversion from 'double' to 'float', possible loss of data
C:\Users\somis\Downloads\ValueStreamModeling_Math-master\dll2\calc5.cpp(55,23): warning C4244: '=': conversion from 'double' to 'float', possible loss of data
C:\Users\somis\Downloads\ValueStreamModeling_Math-master\dll2\calc5.cpp(46,17): warning C4101: 'toper': unreferenced local variable
C:\Users\somis\Downloads\ValueStreamModeling_Math-master\dll2\calc5.cpp(39,12): warning C4101: 'i': unreferenced local variable
C:\Users\somis\Downloads\ValueStreamModeling_Math-master\dll2\calc5.cpp(38,17): warning C4101: 'oper': unreferenced local variable
C:\Users\somis\Downloads\ValueStreamModeling_Math-master\dll2\calc5.cpp(218,28): warning C4805: '==': unsafe mix of type 'int' and type 'bool' in operation
C:\Users\somis\Downloads\ValueStreamModeling_Math-master\dll2\calc5.cpp(299,28): warning C4805: '==': unsafe mix of type 'int' and type 'bool' in operation
C:\Users\somis\Downloads\ValueStreamModeling_Math-master\dll2\calc5.cpp(316,28): warning C4805: '==': unsafe mix of type 'int' and type 'bool' in operation
C:\Users\somis\Downloads\ValueStreamModeling_Math-master\dll2\calc5.cpp(381,9): warning C4996: 'strcpy': This function or variable may be unsafe. Consider using strcpy_s instead. To disable deprecation, use _CRT_SECURE_NO_WARNINGS. See online help for details.
C:\Users\somis\Downloads\ValueStreamModeling_Math-master\dll2\calc5.cpp(408,9): warning C4996: 'strcpy': This function or variable may be unsafe. Consider using strcpy_s instead. To disable deprecation, use _CRT_SECURE_NO_WARNINGS. See online help for details.
C:\Users\somis\Downloads\ValueStreamModeling_Math-master\dll2\calc5.cpp(443,25): warning C4996: 'strcat': This function or variable may be unsafe. Consider using strcat_s instead. To disable deprecation, use _CRT_SECURE_NO_WARNINGS. See online help for details.
C:\Users\somis\Downloads\ValueStreamModeling_Math-master\dll2\calc5.cpp(444,25): warning C4996: 'strcpy': This function or variable may be unsafe. Consider using strcpy_s instead. To disable deprecation, use _CRT_SECURE_NO_WARNINGS. See online help for details.
C:\Users\somis\Downloads\ValueStreamModeling_Math-master\dll2\calc5.cpp(492,51): warning C4244: '*=': conversion from 'double' to 'float', possible loss of data
C:\Users\somis\Downloads\ValueStreamModeling_Math-master\dll2\calc5.cpp(519,38): warning C4244: '=': conversion from 'double' to 'float', possible loss of data
C:\Users\somis\Downloads\ValueStreamModeling_Math-master\dll2\calc5.cpp(545,51): warning C4244: '=': conversion from 'double' to 'float', possible loss of data
C:\Users\somis\Downloads\ValueStreamModeling_Math-master\dll2\calc5.cpp(562,9): warning C4996: 'strcpy': This function or variable may be unsafe. Consider using strcpy_s instead. To disable deprecation, use _CRT_SECURE_NO_WARNINGS. See online help for details.
C:\Users\somis\Downloads\ValueStreamModeling_Math-master\dll2\calc5.cpp(215,5): warning C4996: 'sprintf': This function or variable may be unsafe. Consider using sprintf_s instead. To disable deprecation, use _CRT_SECURE_NO_WARNINGS. See online help for details.
C:\Users\somis\Downloads\ValueStreamModeling_Math-master\dll2\calc5.cpp(240,5): warning C4996: 'sprintf': This function or variable may be unsafe. Consider using sprintf_s instead. To disable deprecation, use _CRT_SECURE_NO_WARNINGS. See online help for details.
C:\Users\somis\Downloads\ValueStreamModeling_Math-master\dll2\calc5.cpp(257,5): warning C4996: 'sprintf': This function or variable may be unsafe. Consider using sprintf_s instead. To disable deprecation, use _CRT_SECURE_NO_WARNINGS. See online help for details.
C:\Users\somis\Downloads\ValueStreamModeling_Math-master\dll2\calc5.cpp(275,9): warning C4996: 'sprintf': This function or variable may be unsafe. Consider using sprintf_s instead. To disable deprecation, use _CRT_SECURE_NO_WARNINGS. See online help for details.
C:\Users\somis\Downloads\ValueStreamModeling_Math-master\dll2\calc5.cpp(296,5): warning C4996: 'sprintf': This function or variable may be unsafe. Consider using sprintf_s instead. To disable deprecation, use _CRT_SECURE_NO_WARNINGS. See online help for details.
C:\Users\somis\Downloads\ValueStreamModeling_Math-master\dll2\calc5.cpp(300,9): warning C4996: 'sprintf': This function or variable may be unsafe. Consider using sprintf_s instead. To disable deprecation, use _CRT_SECURE_NO_WARNINGS. See online help for details.
C:\Users\somis\Downloads\ValueStreamModeling_Math-master\dll2\calc5.cpp(308,5): warning C4996: 'sprintf': This function or variable may be unsafe. Consider using sprintf_s instead. To disable deprecation, use _CRT_SECURE_NO_WARNINGS. See online help for details.
C:\Users\somis\Downloads\ValueStreamModeling_Math-master\dll2\calc5.cpp(312,5): warning C4996: 'sprintf': This function or variable may be unsafe. Consider using sprintf_s instead. To disable deprecation, use _CRT_SECURE_NO_WARNINGS. See online help for details.
C:\Users\somis\Downloads\ValueStreamModeling_Math-master\dll2\calc5.cpp(365,5): warning C4996: 'sprintf': This function or variable may be unsafe. Consider using sprintf_s instead. To disable deprecation, use _CRT_SECURE_NO_WARNINGS. See online help for details.
C:\Users\somis\Downloads\ValueStreamModeling_Math-master\dll2\calc5.cpp(394,5): warning C4996: 'sprintf': This function or variable may be unsafe. Consider using sprintf_s instead. To disable deprecation, use _CRT_SECURE_NO_WARNINGS. See online help for details.
C:\Users\somis\Downloads\ValueStreamModeling_Math-master\dll2\calc5.cpp(414,5): warning C4996: 'sprintf': This function or variable may be unsafe. Consider using sprintf_s instead. To disable deprecation, use _CRT_SECURE_NO_WARNINGS. See online help for details.
C:\Users\somis\Downloads\ValueStreamModeling_Math-master\dll2\calc5.cpp(429,13): warning C4996: 'sprintf': This function or variable may be unsafe. Consider using sprintf_s instead. To disable deprecation, use _CRT_SECURE_NO_WARNINGS. See online help for details.
C:\Users\somis\Downloads\ValueStreamModeling_Math-master\dll2\calc5.cpp(477,9): warning C4996: 'sprintf': This function or variable may be unsafe. Consider using sprintf_s instead. To disable deprecation, use _CRT_SECURE_NO_WARNINGS. See online help for details.
C:\Users\somis\Downloads\ValueStreamModeling_Math-master\dll2\calc5.cpp(145,1): warning C4102: 'restart1': unreferenced label
C:\Users\somis\Downloads\ValueStreamModeling_Math-master\dll2\calc5.cpp(260,1): warning C4102: 'mem_again': unreferenced label
C:\Users\somis\Downloads\ValueStreamModeling_Math-master\dll2\calc5.cpp(779,5): warning C4996: 'strcpy': This function or variable may be unsafe. Consider using strcpy_s instead. To disable deprecation, use _CRT_SECURE_NO_WARNINGS. See online help for details.
C:\Users\somis\Downloads\ValueStreamModeling_Math-master\dll2\calc5.cpp(806,9): warning C4996: 'strcpy': This function or variable may be unsafe. Consider using strcpy_s instead. To disable deprecation, use _CRT_SECURE_NO_WARNINGS. See online help for details.
C:\Users\somis\Downloads\ValueStreamModeling_Math-master\dll2\calc5.cpp(817,5): warning C4996: 'strcpy': This function or variable may be unsafe. Consider using strcpy_s instead. To disable deprecation, use _CRT_SECURE_NO_WARNINGS. See online help for details.
C:\Users\somis\Downloads\ValueStreamModeling_Math-master\dll2\calc5.cpp(831,5): warning C4996: 'strcpy': This function or variable may be unsafe. Consider using strcpy_s instead. To disable deprecation, use _CRT_SECURE_NO_WARNINGS. See online help for details.
C:\Users\somis\Downloads\ValueStreamModeling_Math-master\dll2\calc5.cpp(838,5): warning C4996: 'strcpy': This function or variable may be unsafe. Consider using strcpy_s instead. To disable deprecation, use _CRT_SECURE_NO_WARNINGS. See online help for details.
C:\Users\somis\Downloads\ValueStreamModeling_Math-master\dll2\calc5.cpp(868,17): warning C4996: 'strcpy': This function or variable may be unsafe. Consider using strcpy_s instead. To disable deprecation, use _CRT_SECURE_NO_WARNINGS. See online help for details.
C:\Users\somis\Downloads\ValueStreamModeling_Math-master\dll2\calc5.cpp(882,17): warning C4996: 'strcpy': This function or variable may be unsafe. Consider using strcpy_s instead. To disable deprecation, use _CRT_SECURE_NO_WARNINGS. See online help for details.
C:\Users\somis\Downloads\ValueStreamModeling_Math-master\dll2\calc5.cpp(902,13): warning C4996: 'strcpy': This function or variable may be unsafe. Consider using strcpy_s instead. To disable deprecation, use _CRT_SECURE_NO_WARNINGS. See online help for details.
C:\Users\somis\Downloads\ValueStreamModeling_Math-master\dll2\calc5.cpp(911,13): warning C4996: 'strcpy': This function or variable may be unsafe. Consider using strcpy_s instead. To disable deprecation, use _CRT_SECURE_NO_WARNINGS. See online help for details.
C:\Users\somis\Downloads\ValueStreamModeling_Math-master\dll2\calc5.cpp(960,9): warning C4996: 'strcpy': This function or variable may be unsafe. Consider using strcpy_s instead. To disable deprecation, use _CRT_SECURE_NO_WARNINGS. See online help for details.
C:\Users\somis\Downloads\ValueStreamModeling_Math-master\dll2\calc5.cpp(975,9): warning C4996: 'strcpy': This function or variable may be unsafe. Consider using strcpy_s instead. To disable deprecation, use _CRT_SECURE_NO_WARNINGS. See online help for details.
C:\Users\somis\Downloads\ValueStreamModeling_Math-master\dll2\calc5.cpp(752,18): warning C4101: 'prev_op': unreferenced local variable
C:\Users\somis\Downloads\ValueStreamModeling_Math-master\dll2\calc5.cpp(997,10): warning C4101: 's0': unreferenced local variable
C:\Users\somis\Downloads\ValueStreamModeling_Math-master\dll2\calc5.cpp(995,18): warning C4101: 'next_op': unreferenced local variable
C:\Users\somis\Downloads\ValueStreamModeling_Math-master\dll2\calc5.cpp(1021,9): warning C4996: 'strcpy': This function or variable may be unsafe. Consider using strcpy_s instead. To disable deprecation, use _CRT_SECURE_NO_WARNINGS. See online help for details.
C:\Users\somis\Downloads\ValueStreamModeling_Math-master\dll2\calc5.cpp(1024,9): warning C4996: 'strcpy': This function or variable may be unsafe. Consider using strcpy_s instead. To disable deprecation, use _CRT_SECURE_NO_WARNINGS. See online help for details.
C:\Users\somis\Downloads\ValueStreamModeling_Math-master\dll2\calc5.cpp(1098,52): warning C4244: '+=': conversion from 'double' to 'float', possible loss of data
C:\Users\somis\Downloads\ValueStreamModeling_Math-master\dll2\calc5.cpp(1070,25): warning C4996: 'sprintf': This function or variable may be unsafe. Consider using sprintf_s instead. To disable deprecation, use _CRT_SECURE_NO_WARNINGS. See online help for details.
C:\Users\somis\Downloads\ValueStreamModeling_Math-master\dll2\calc5.cpp(1071,15): warning C4996: 'sprintf': This function or variable may be unsafe. Consider using sprintf_s instead. To disable deprecation, use _CRT_SECURE_NO_WARNINGS. See online help for details.
C:\Users\somis\Downloads\ValueStreamModeling_Math-master\dll2\calc5.cpp(1127,29): warning C4996: 'sprintf': This function or variable may be unsafe. Consider using sprintf_s instead. To disable deprecation, use _CRT_SECURE_NO_WARNINGS. See online help for details.
C:\Users\somis\Downloads\ValueStreamModeling_Math-master\dll2\calc5.cpp(1128,25): warning C4996: 'sprintf': This function or variable may be unsafe. Consider using sprintf_s instead. To disable deprecation, use _CRT_SECURE_NO_WARNINGS. See online help for details.
C:\Users\somis\Downloads\ValueStreamModeling_Math-master\dll2\calc5.cpp(1046,10): warning C4101: 'buf3': unreferenced local variable
C:\Users\somis\Downloads\ValueStreamModeling_Math-master\dll2\calc5.cpp(1157,22): warning C4244: '=': conversion from 'double' to 'float', possible loss of data
C:\Users\somis\Downloads\ValueStreamModeling_Math-master\dll2\calc5.cpp(1170,25): warning C4996: 'strcpy': This function or variable may be unsafe. Consider using strcpy_s instead. To disable deprecation, use _CRT_SECURE_NO_WARNINGS. See online help for details.
C:\Users\somis\Downloads\ValueStreamModeling_Math-master\dll2\calc5.cpp(1259,34): warning C4244: '+=': conversion from 'double' to 'float', possible loss of data
C:\Users\somis\Downloads\ValueStreamModeling_Math-master\dll2\calc5.cpp(1260,68): warning C4244: '+=': conversion from 'double' to 'float', possible loss of data
  calc6.cpp
C:\Users\somis\Downloads\ValueStreamModeling_Math-master\dll2\calc6.cpp(55,35): warning C4244: '=': conversion from 'double' to 'float', possible loss of data
C:\Users\somis\Downloads\ValueStreamModeling_Math-master\dll2\calc6.cpp(98,19): warning C4244: '=': conversion from 'double' to 'float', possible loss of data
C:\Users\somis\Downloads\ValueStreamModeling_Math-master\dll2\calc6.cpp(186,1): warning C4102: 'er3': unreferenced label
  calc7.cpp
C:\Users\somis\Downloads\ValueStreamModeling_Math-master\dll2\calc1.h(9,9): warning C4005: 'MAX': macro redefinition
  (compiling source file 'calc7.cpp')
      C:\Users\somis\Downloads\ValueStreamModeling_Math-master\dll2\class_model.h(25,9):
      see previous definition of 'MAX'
  
C:\Users\somis\Downloads\ValueStreamModeling_Math-master\dll2\calc1.h(10,9): warning C4005: 'MIN': macro redefinition
  (compiling source file 'calc7.cpp')
      C:\Users\somis\Downloads\ValueStreamModeling_Math-master\dll2\class_model.h(29,9):
      see previous definition of 'MIN'
  
C:\Users\somis\Downloads\ValueStreamModeling_Math-master\dll2\calc7.cpp(48,57): warning C4244: '=': conversion from 'double' to 'int', possible loss of data
C:\Users\somis\Downloads\ValueStreamModeling_Math-master\dll2\calc7.cpp(70,38): warning C4244: '=': conversion from 'double' to 'float', possible loss of data
C:\Users\somis\Downloads\ValueStreamModeling_Math-master\dll2\calc7.cpp(72,38): warning C4244: '=': conversion from 'double' to 'float', possible loss of data
C:\Users\somis\Downloads\ValueStreamModeling_Math-master\dll2\calc7.cpp(73,98): warning C4244: '=': conversion from 'double' to 'float', possible loss of data
C:\Users\somis\Downloads\ValueStreamModeling_Math-master\dll2\calc7.cpp(74,92): warning C4244: '=': conversion from 'double' to 'float', possible loss of data
C:\Users\somis\Downloads\ValueStreamModeling_Math-master\dll2\calc7.cpp(87,57): warning C4244: '=': conversion from 'double' to 'int', possible loss of data
C:\Users\somis\Downloads\ValueStreamModeling_Math-master\dll2\calc7.cpp(103,38): warning C4244: '=': conversion from 'double' to 'float', possible loss of data
C:\Users\somis\Downloads\ValueStreamModeling_Math-master\dll2\calc7.cpp(105,38): warning C4244: '=': conversion from 'double' to 'float', possible loss of data
C:\Users\somis\Downloads\ValueStreamModeling_Math-master\dll2\calc7.cpp(106,98): warning C4244: '=': conversion from 'double' to 'float', possible loss of data
C:\Users\somis\Downloads\ValueStreamModeling_Math-master\dll2\calc7.cpp(107,92): warning C4244: '=': conversion from 'double' to 'float', possible loss of data
C:\Users\somis\Downloads\ValueStreamModeling_Math-master\dll2\calc7.cpp(115,9): warning C4996: 'sprintf': This function or variable may be unsafe. Consider using sprintf_s instead. To disable deprecation, use _CRT_SECURE_NO_WARNINGS. See online help for details.
C:\Users\somis\Downloads\ValueStreamModeling_Math-master\dll2\calc7.cpp(118,9): warning C4996: 'sprintf': This function or variable may be unsafe. Consider using sprintf_s instead. To disable deprecation, use _CRT_SECURE_NO_WARNINGS. See online help for details.
C:\Users\somis\Downloads\ValueStreamModeling_Math-master\dll2\calc7.cpp(28,7): warning C4101: 'i': unreferenced local variable
C:\Users\somis\Downloads\ValueStreamModeling_Math-master\dll2\calc7.cpp(24,35): warning C4101: 'v1': unreferenced local variable
C:\Users\somis\Downloads\ValueStreamModeling_Math-master\dll2\calc7.cpp(176,57): warning C4244: '=': conversion from 'double' to 'int', possible loss of data
C:\Users\somis\Downloads\ValueStreamModeling_Math-master\dll2\calc7.cpp(194,38): warning C4244: '=': conversion from 'double' to 'float', possible loss of data
C:\Users\somis\Downloads\ValueStreamModeling_Math-master\dll2\calc7.cpp(196,38): warning C4244: '=': conversion from 'double' to 'float', possible loss of data
C:\Users\somis\Downloads\ValueStreamModeling_Math-master\dll2\calc7.cpp(197,98): warning C4244: '=': conversion from 'double' to 'float', possible loss of data
C:\Users\somis\Downloads\ValueStreamModeling_Math-master\dll2\calc7.cpp(198,92): warning C4244: '=': conversion from 'double' to 'float', possible loss of data
C:\Users\somis\Downloads\ValueStreamModeling_Math-master\dll2\calc7.cpp(163,17): warning C4996: 'sprintf': This function or variable may be unsafe. Consider using sprintf_s instead. To disable deprecation, use _CRT_SECURE_NO_WARNINGS. See online help for details.
C:\Users\somis\Downloads\ValueStreamModeling_Math-master\dll2\calc7.cpp(171,1): warning C4102: 'restart1': unreferenced label
C:\Users\somis\Downloads\ValueStreamModeling_Math-master\dll2\calc7.cpp(143,7): warning C4101: 'i': unreferenced local variable
  calc8.cpp
C:\Users\somis\Downloads\ValueStreamModeling_Math-master\dll2\calc8.cpp(24,12): warning C4244: 'return': conversion from 'double' to 'float', possible loss of data
C:\Users\somis\Downloads\ValueStreamModeling_Math-master\dll2\calc8.cpp(28,36): warning C4244: 'argument': conversion from 'double' to 'float', possible loss of data
C:\Users\somis\Downloads\ValueStreamModeling_Math-master\dll2\calc8.cpp(28,10): warning C4244: 'return': conversion from 'double' to 'float', possible loss of data
C:\Users\somis\Downloads\ValueStreamModeling_Math-master\dll2\calc8.cpp(60,47): warning C4244: 'argument': conversion from 'double' to 'float', possible loss of data
C:\Users\somis\Downloads\ValueStreamModeling_Math-master\dll2\calc8.cpp(119,20): warning C4244: 'argument': conversion from 'double' to 'float', possible loss of data
C:\Users\somis\Downloads\ValueStreamModeling_Math-master\dll2\calc8.cpp(120,10): warning C4244: 'argument': conversion from 'double' to 'float', possible loss of data
C:\Users\somis\Downloads\ValueStreamModeling_Math-master\dll2\calc8.cpp(122,10): warning C4244: 'argument': conversion from 'double' to 'float', possible loss of data
  calc9.cpp
C:\Users\somis\Downloads\ValueStreamModeling_Math-master\dll2\calc1.h(9,9): warning C4005: 'MAX': macro redefinition
  (compiling source file 'calc9.cpp')
      C:\Users\somis\Downloads\ValueStreamModeling_Math-master\dll2\class_model.h(25,9):
      see previous definition of 'MAX'
  
C:\Users\somis\Downloads\ValueStreamModeling_Math-master\dll2\calc1.h(10,9): warning C4005: 'MIN': macro redefinition
  (compiling source file 'calc9.cpp')
      C:\Users\somis\Downloads\ValueStreamModeling_Math-master\dll2\class_model.h(29,9):
      see previous definition of 'MIN'
  
C:\Users\somis\Downloads\ValueStreamModeling_Math-master\dll2\calc9.cpp(72,3): warning C4996: 'strcpy': This function or variable may be unsafe. Consider using strcpy_s instead. To disable deprecation, use _CRT_SECURE_NO_WARNINGS. See online help for details.
C:\Users\somis\Downloads\ValueStreamModeling_Math-master\dll2\calc9.cpp(73,6): warning C4996: 'strcat': This function or variable may be unsafe. Consider using strcat_s instead. To disable deprecation, use _CRT_SECURE_NO_WARNINGS. See online help for details.
C:\Users\somis\Downloads\ValueStreamModeling_Math-master\dll2\calc9.cpp(74,6): warning C4996: 'strcat': This function or variable may be unsafe. Consider using strcat_s instead. To disable deprecation, use _CRT_SECURE_NO_WARNINGS. See online help for details.
C:\Users\somis\Downloads\ValueStreamModeling_Math-master\dll2\calc9.cpp(167,68): warning C4244: '=': conversion from 'double' to 'float', possible loss of data
C:\Users\somis\Downloads\ValueStreamModeling_Math-master\dll2\calc9.cpp(186,68): warning C4244: '=': conversion from 'double' to 'float', possible loss of data
C:\Users\somis\Downloads\ValueStreamModeling_Math-master\dll2\calc9.cpp(200,68): warning C4244: '=': conversion from 'double' to 'float', possible loss of data
C:\Users\somis\Downloads\ValueStreamModeling_Math-master\dll2\calc9.cpp(209,28): warning C4244: '=': conversion from 'double' to 'float', possible loss of data
C:\Users\somis\Downloads\ValueStreamModeling_Math-master\dll2\calc9.cpp(214,59): warning C4244: '=': conversion from 'double' to 'float', possible loss of data
C:\Users\somis\Downloads\ValueStreamModeling_Math-master\dll2\calc9.cpp(230,66): warning C4244: '+=': conversion from 'double' to 'float', possible loss of data
C:\Users\somis\Downloads\ValueStreamModeling_Math-master\dll2\calc9.cpp(242,6): warning C4996: 'strcpy': This function or variable may be unsafe. Consider using strcpy_s instead. To disable deprecation, use _CRT_SECURE_NO_WARNINGS. See online help for details.
C:\Users\somis\Downloads\ValueStreamModeling_Math-master\dll2\calc9.cpp(243,6): warning C4996: 'strcat': This function or variable may be unsafe. Consider using strcat_s instead. To disable deprecation, use _CRT_SECURE_NO_WARNINGS. See online help for details.
C:\Users\somis\Downloads\ValueStreamModeling_Math-master\dll2\calc9.cpp(244,6): warning C4996: 'strcat': This function or variable may be unsafe. Consider using strcat_s instead. To disable deprecation, use _CRT_SECURE_NO_WARNINGS. See online help for details.
C:\Users\somis\Downloads\ValueStreamModeling_Math-master\dll2\calc9.cpp(82,3): warning C4996: 'sprintf': This function or variable may be unsafe. Consider using sprintf_s instead. To disable deprecation, use _CRT_SECURE_NO_WARNINGS. See online help for details.
C:\Users\somis\Downloads\ValueStreamModeling_Math-master\dll2\calc9.cpp(87,9): warning C4996: 'sprintf': This function or variable may be unsafe. Consider using sprintf_s instead. To disable deprecation, use _CRT_SECURE_NO_WARNINGS. See online help for details.
C:\Users\somis\Downloads\ValueStreamModeling_Math-master\dll2\calc9.cpp(108,9): warning C4996: 'sprintf': This function or variable may be unsafe. Consider using sprintf_s instead. To disable deprecation, use _CRT_SECURE_NO_WARNINGS. See online help for details.
C:\Users\somis\Downloads\ValueStreamModeling_Math-master\dll2\calc9.cpp(113,17): warning C4996: 'sprintf': This function or variable may be unsafe. Consider using sprintf_s instead. To disable deprecation, use _CRT_SECURE_NO_WARNINGS. See online help for details.
C:\Users\somis\Downloads\ValueStreamModeling_Math-master\dll2\calc9.cpp(116,5): warning C4996: 'sprintf': This function or variable may be unsafe. Consider using sprintf_s instead. To disable deprecation, use _CRT_SECURE_NO_WARNINGS. See online help for details.
C:\Users\somis\Downloads\ValueStreamModeling_Math-master\dll2\calc9.cpp(124,13): warning C4996: 'sprintf': This function or variable may be unsafe. Consider using sprintf_s instead. To disable deprecation, use _CRT_SECURE_NO_WARNINGS. See online help for details.
C:\Users\somis\Downloads\ValueStreamModeling_Math-master\dll2\calc9.cpp(141,21): warning C4996: 'sprintf': This function or variable may be unsafe. Consider using sprintf_s instead. To disable deprecation, use _CRT_SECURE_NO_WARNINGS. See online help for details.
C:\Users\somis\Downloads\ValueStreamModeling_Math-master\dll2\calc9.cpp(147,40): warning C4996: 'sprintf': This function or variable may be unsafe. Consider using sprintf_s instead. To disable deprecation, use _CRT_SECURE_NO_WARNINGS. See online help for details.
C:\Users\somis\Downloads\ValueStreamModeling_Math-master\dll2\calc9.cpp(148,40): warning C4996: 'sprintf': This function or variable may be unsafe. Consider using sprintf_s instead. To disable deprecation, use _CRT_SECURE_NO_WARNINGS. See online help for details.
C:\Users\somis\Downloads\ValueStreamModeling_Math-master\dll2\calc9.cpp(232,21): warning C4996: 'sprintf': This function or variable may be unsafe. Consider using sprintf_s instead. To disable deprecation, use _CRT_SECURE_NO_WARNINGS. See online help for details.
C:\Users\somis\Downloads\ValueStreamModeling_Math-master\dll2\calc9.cpp(237,21): warning C4996: 'sprintf': This function or variable may be unsafe. Consider using sprintf_s instead. To disable deprecation, use _CRT_SECURE_NO_WARNINGS. See online help for details.
C:\Users\somis\Downloads\ValueStreamModeling_Math-master\dll2\calc9.cpp(255,13): warning C4996: 'sprintf': This function or variable may be unsafe. Consider using sprintf_s instead. To disable deprecation, use _CRT_SECURE_NO_WARNINGS. See online help for details.
C:\Users\somis\Downloads\ValueStreamModeling_Math-master\dll2\calc9.cpp(277,17): warning C4996: 'sprintf': This function or variable may be unsafe. Consider using sprintf_s instead. To disable deprecation, use _CRT_SECURE_NO_WARNINGS. See online help for details.
C:\Users\somis\Downloads\ValueStreamModeling_Math-master\dll2\calc9.cpp(60,21): warning C4101: 'ok': unreferenced local variable
C:\Users\somis\Downloads\ValueStreamModeling_Math-master\dll2\calc9.cpp(63,11): warning C4101: 'ret': unreferenced local variable
C:\Users\somis\Downloads\ValueStreamModeling_Math-master\dll2\calc9.cpp(314,63): warning C4244: 'argument': conversion from 'double' to 'float', possible loss of data
C:\Users\somis\Downloads\ValueStreamModeling_Math-master\dll2\calc9.cpp(314,43): warning C4244: 'argument': conversion from 'double' to 'float', possible loss of data
C:\Users\somis\Downloads\ValueStreamModeling_Math-master\dll2\calc9.cpp(327,8): warning C4101: 'buf1': unreferenced local variable
C:\Users\somis\Downloads\ValueStreamModeling_Math-master\dll2\calc9.cpp(377,16): warning C4244: '=': conversion from 'double' to 'float', possible loss of data
C:\Users\somis\Downloads\ValueStreamModeling_Math-master\dll2\calc9.cpp(378,22): warning C4244: '=': conversion from 'double' to 'float', possible loss of data
C:\Users\somis\Downloads\ValueStreamModeling_Math-master\dll2\calc9.cpp(380,17): warning C4244: '=': conversion from 'double' to 'float', possible loss of data
C:\Users\somis\Downloads\ValueStreamModeling_Math-master\dll2\calc9.cpp(382,26): warning C4244: '+=': conversion from 'double' to 'float', possible loss of data
C:\Users\somis\Downloads\ValueStreamModeling_Math-master\dll2\calc9.cpp(385,26): warning C4244: '=': conversion from 'double' to 'float', possible loss of data
C:\Users\somis\Downloads\ValueStreamModeling_Math-master\dll2\calc9.cpp(370,9): warning C4101: 't1': unreferenced local variable
C:\Users\somis\Downloads\ValueStreamModeling_Math-master\dll2\calc9.cpp(400,16): warning C4244: '=': conversion from 'double' to 'float', possible loss of data
C:\Users\somis\Downloads\ValueStreamModeling_Math-master\dll2\calc9.cpp(405,18): warning C4244: '=': conversion from 'double' to 'float', possible loss of data
C:\Users\somis\Downloads\ValueStreamModeling_Math-master\dll2\calc9.cpp(421,36): warning C4244: '=': conversion from 'double' to 'float', possible loss of data
C:\Users\somis\Downloads\ValueStreamModeling_Math-master\dll2\calc9.cpp(443,25): warning C4244: '-=': conversion from 'double' to 'float', possible loss of data
  class_eq.cpp
  class_ibom.cpp
  class_lab.cpp
  class_model.cpp
C:\Users\somis\Downloads\ValueStreamModeling_Math-master\dll2\class_model.cpp(15,9): warning C4005: 'MAX': macro redefinition
      C:\Users\somis\Downloads\ValueStreamModeling_Math-master\dll2\class_model.h(25,9):
      see previous definition of 'MAX'
  
C:\Users\somis\Downloads\ValueStreamModeling_Math-master\dll2\class_model.cpp(16,9): warning C4005: 'MIN': macro redefinition
      C:\Users\somis\Downloads\ValueStreamModeling_Math-master\dll2\class_model.h(29,9):
      see previous definition of 'MIN'
  
C:\Users\somis\Downloads\ValueStreamModeling_Math-master\dll2\class_model.cpp(187,3): warning C4996: 'strcpy': This function or variable may be unsafe. Consider using strcpy_s instead. To disable deprecation, use _CRT_SECURE_NO_WARNINGS. See online help for details.
C:\Users\somis\Downloads\ValueStreamModeling_Math-master\dll2\class_model.cpp(73,2): warning C4996: 'sprintf': This function or variable may be unsafe. Consider using sprintf_s instead. To disable deprecation, use _CRT_SECURE_NO_WARNINGS. See online help for details.
C:\Users\somis\Downloads\ValueStreamModeling_Math-master\dll2\class_model.cpp(89,2): warning C4996: 'sprintf': This function or variable may be unsafe. Consider using sprintf_s instead. To disable deprecation, use _CRT_SECURE_NO_WARNINGS. See online help for details.
C:\Users\somis\Downloads\ValueStreamModeling_Math-master\dll2\class_model.cpp(255,9): warning C4101: 's0': unreferenced local variable
C:\Users\somis\Downloads\ValueStreamModeling_Math-master\dll2\class_model.cpp(267,9): warning C4101: 's0': unreferenced local variable
C:\Users\somis\Downloads\ValueStreamModeling_Math-master\dll2\class_model.cpp(291,9): warning C4101: 's1': unreferenced local variable
C:\Users\somis\Downloads\ValueStreamModeling_Math-master\dll2\class_model.cpp(339,3): warning C4996: 'strcpy': This function or variable may be unsafe. Consider using strcpy_s instead. To disable deprecation, use _CRT_SECURE_NO_WARNINGS. See online help for details.
C:\Users\somis\Downloads\ValueStreamModeling_Math-master\dll2\class_model.cpp(340,27): warning C4244: '=': conversion from 'double' to 'long', possible loss of data
C:\Users\somis\Downloads\ValueStreamModeling_Math-master\dll2\class_model.cpp(395,3): warning C4996: 'strcpy': This function or variable may be unsafe. Consider using strcpy_s instead. To disable deprecation, use _CRT_SECURE_NO_WARNINGS. See online help for details.
C:\Users\somis\Downloads\ValueStreamModeling_Math-master\dll2\class_model.cpp(438,3): warning C4996: 'strcpy': This function or variable may be unsafe. Consider using strcpy_s instead. To disable deprecation, use _CRT_SECURE_NO_WARNINGS. See online help for details.
C:\Users\somis\Downloads\ValueStreamModeling_Math-master\dll2\class_model.cpp(532,9): warning C4101: 's0': unreferenced local variable
  class_oper.cpp
  Compiling...
  class_part.cpp
  class_route.cpp
  data1.cpp
C:\Users\somis\Downloads\ValueStreamModeling_Math-master\dll2\data1.cpp(107,7): warning C4101: 'i': unreferenced local variable
C:\Users\somis\Downloads\ValueStreamModeling_Math-master\dll2\data1.cpp(149,21): warning C4267: 'return': conversion from 'size_t' to 'int', possible loss of data
  dll2.cpp
C:\Users\somis\Downloads\ValueStreamModeling_Math-master\dll2\dll2.cpp(48,9): warning C4005: 'MAX': macro redefinition
      C:\Users\somis\Downloads\ValueStreamModeling_Math-master\dll2\class_model.h(25,9):
      see previous definition of 'MAX'
  
C:\Users\somis\Downloads\ValueStreamModeling_Math-master\dll2\dll2.cpp(49,9): warning C4005: 'MIN': macro redefinition
      C:\Users\somis\Downloads\ValueStreamModeling_Math-master\dll2\class_model.h(29,9):
      see previous definition of 'MIN'
  
C:\Users\somis\Downloads\ValueStreamModeling_Math-master\dll2\dll2.cpp(223,5): warning C4996: 'strcpy': This function or variable may be unsafe. Consider using strcpy_s instead. To disable deprecation, use _CRT_SECURE_NO_WARNINGS. See online help for details.
C:\Users\somis\Downloads\ValueStreamModeling_Math-master\dll2\dll2.cpp(252,4): warning C4996: 'strcpy': This function or variable may be unsafe. Consider using strcpy_s instead. To disable deprecation, use _CRT_SECURE_NO_WARNINGS. See online help for details.
C:\Users\somis\Downloads\ValueStreamModeling_Math-master\dll2\dll2.cpp(294,4): warning C4996: 'strcpy': This function or variable may be unsafe. Consider using strcpy_s instead. To disable deprecation, use _CRT_SECURE_NO_WARNINGS. See online help for details.
C:\Users\somis\Downloads\ValueStreamModeling_Math-master\dll2\dll2.cpp(323,4): warning C4996: 'strcpy': This function or variable may be unsafe. Consider using strcpy_s instead. To disable deprecation, use _CRT_SECURE_NO_WARNINGS. See online help for details.
C:\Users\somis\Downloads\ValueStreamModeling_Math-master\dll2\dll2.cpp(335,4): warning C4996: 'strcpy': This function or variable may be unsafe. Consider using strcpy_s instead. To disable deprecation, use _CRT_SECURE_NO_WARNINGS. See online help for details.
C:\Users\somis\Downloads\ValueStreamModeling_Math-master\dll2\dll2.cpp(514,5): warning C4996: 'strcpy': This function or variable may be unsafe. Consider using strcpy_s instead. To disable deprecation, use _CRT_SECURE_NO_WARNINGS. See online help for details.
C:\Users\somis\Downloads\ValueStreamModeling_Math-master\dll2\dll2.cpp(518,4): warning C4996: 'strcpy': This function or variable may be unsafe. Consider using strcpy_s instead. To disable deprecation, use _CRT_SECURE_NO_WARNINGS. See online help for details.
C:\Users\somis\Downloads\ValueStreamModeling_Math-master\dll2\dll2.cpp(520,4): warning C4996: 'strcpy': This function or variable may be unsafe. Consider using strcpy_s instead. To disable deprecation, use _CRT_SECURE_NO_WARNINGS. See online help for details.
C:\Users\somis\Downloads\ValueStreamModeling_Math-master\dll2\dll2.cpp(242,2): warning C4996: 'sprintf': This function or variable may be unsafe. Consider using sprintf_s instead. To disable deprecation, use _CRT_SECURE_NO_WARNINGS. See online help for details.
C:\Users\somis\Downloads\ValueStreamModeling_Math-master\dll2\dll2.cpp(261,4): warning C4996: 'sprintf': This function or variable may be unsafe. Consider using sprintf_s instead. To disable deprecation, use _CRT_SECURE_NO_WARNINGS. See online help for details.
C:\Users\somis\Downloads\ValueStreamModeling_Math-master\dll2\dll2.cpp(269,5): warning C4996: 'sprintf': This function or variable may be unsafe. Consider using sprintf_s instead. To disable deprecation, use _CRT_SECURE_NO_WARNINGS. See online help for details.
C:\Users\somis\Downloads\ValueStreamModeling_Math-master\dll2\dll2.cpp(293,4): warning C4996: 'sprintf': This function or variable may be unsafe. Consider using sprintf_s instead. To disable deprecation, use _CRT_SECURE_NO_WARNINGS. See online help for details.
C:\Users\somis\Downloads\ValueStreamModeling_Math-master\dll2\dll2.cpp(328,5): warning C4996: 'sprintf': This function or variable may be unsafe. Consider using sprintf_s instead. To disable deprecation, use _CRT_SECURE_NO_WARNINGS. See online help for details.
C:\Users\somis\Downloads\ValueStreamModeling_Math-master\dll2\dll2.cpp(342,5): warning C4996: 'sprintf': This function or variable may be unsafe. Consider using sprintf_s instead. To disable deprecation, use _CRT_SECURE_NO_WARNINGS. See online help for details.
C:\Users\somis\Downloads\ValueStreamModeling_Math-master\dll2\dll2.cpp(392,6): warning C4996: 'sprintf': This function or variable may be unsafe. Consider using sprintf_s instead. To disable deprecation, use _CRT_SECURE_NO_WARNINGS. See online help for details.
C:\Users\somis\Downloads\ValueStreamModeling_Math-master\dll2\dll2.cpp(408,5): warning C4996: 'sprintf': This function or variable may be unsafe. Consider using sprintf_s instead. To disable deprecation, use _CRT_SECURE_NO_WARNINGS. See online help for details.
C:\Users\somis\Downloads\ValueStreamModeling_Math-master\dll2\dll2.cpp(421,6): warning C4996: 'sprintf': This function or variable may be unsafe. Consider using sprintf_s instead. To disable deprecation, use _CRT_SECURE_NO_WARNINGS. See online help for details.
C:\Users\somis\Downloads\ValueStreamModeling_Math-master\dll2\dll2.cpp(584,3): warning C4996: 'sprintf': This function or variable may be unsafe. Consider using sprintf_s instead. To disable deprecation, use _CRT_SECURE_NO_WARNINGS. See online help for details.
C:\Users\somis\Downloads\ValueStreamModeling_Math-master\dll2\dll2.cpp(610,3): warning C4996: 'sprintf': This function or variable may be unsafe. Consider using sprintf_s instead. To disable deprecation, use _CRT_SECURE_NO_WARNINGS. See online help for details.
C:\Users\somis\Downloads\ValueStreamModeling_Math-master\dll2\dll2.cpp(729,76): warning C4244: '=': conversion from 'double' to 'float', possible loss of data
C:\Users\somis\Downloads\ValueStreamModeling_Math-master\dll2\dll2.cpp(796,76): warning C4244: '=': conversion from 'double' to 'float', possible loss of data
C:\Users\somis\Downloads\ValueStreamModeling_Math-master\dll2\dll2.cpp(770,8): warning C4996: 'sprintf': This function or variable may be unsafe. Consider using sprintf_s instead. To disable deprecation, use _CRT_SECURE_NO_WARNINGS. See online help for details.
C:\Users\somis\Downloads\ValueStreamModeling_Math-master\dll2\dll2.cpp(780,6): warning C4996: 'sprintf': This function or variable may be unsafe. Consider using sprintf_s instead. To disable deprecation, use _CRT_SECURE_NO_WARNINGS. See online help for details.
C:\Users\somis\Downloads\ValueStreamModeling_Math-master\dll2\dll2.cpp(982,3): warning C4996: 'strcpy': This function or variable may be unsafe. Consider using strcpy_s instead. To disable deprecation, use _CRT_SECURE_NO_WARNINGS. See online help for details.
C:\Users\somis\Downloads\ValueStreamModeling_Math-master\dll2\dll2.cpp(968,7): warning C4101: 's0': unreferenced local variable
C:\Users\somis\Downloads\ValueStreamModeling_Math-master\dll2\dll2.cpp(978,7): warning C4101: 's2': unreferenced local variable
C:\Users\somis\Downloads\ValueStreamModeling_Math-master\dll2\dll2.cpp(962,8): warning C4101: 's1': unreferenced local variable
C:\Users\somis\Downloads\ValueStreamModeling_Math-master\dll2\dll2.cpp(1141,2): warning C4996: 'strcpy': This function or variable may be unsafe. Consider using strcpy_s instead. To disable deprecation, use _CRT_SECURE_NO_WARNINGS. See online help for details.
C:\Users\somis\Downloads\ValueStreamModeling_Math-master\dll2\dll2.cpp(1254,3): warning C4996: 'sprintf': This function or variable may be unsafe. Consider using sprintf_s instead. To disable deprecation, use _CRT_SECURE_NO_WARNINGS. See online help for details.
  f1dim.cpp
C:\Users\somis\Downloads\ValueStreamModeling_Math-master\dll2\f1dim.cpp(27,5): warning C4996: 'sprintf': This function or variable may be unsafe. Consider using sprintf_s instead. To disable deprecation, use _CRT_SECURE_NO_WARNINGS. See online help for details.
  io_code.cpp
C:\Users\somis\Downloads\ValueStreamModeling_Math-master\dll2\io_code.cpp(29,9): warning C4005: 'MAX': macro redefinition
      C:\Users\somis\Downloads\ValueStreamModeling_Math-master\dll2\class_model.h(25,9):
      see previous definition of 'MAX'
  
C:\Users\somis\Downloads\ValueStreamModeling_Math-master\dll2\io_code.cpp(30,9): warning C4005: 'MIN': macro redefinition
      C:\Users\somis\Downloads\ValueStreamModeling_Math-master\dll2\class_model.h(29,9):
      see previous definition of 'MIN'
  
C:\Users\somis\Downloads\ValueStreamModeling_Math-master\dll2\io_code.cpp(42,3): warning C4996: 'sprintf': This function or variable may be unsafe. Consider using sprintf_s instead. To disable deprecation, use _CRT_SECURE_NO_WARNINGS. See online help for details.
C:\Users\somis\Downloads\ValueStreamModeling_Math-master\dll2\io_code.cpp(48,3): warning C4996: 'sprintf': This function or variable may be unsafe. Consider using sprintf_s instead. To disable deprecation, use _CRT_SECURE_NO_WARNINGS. See online help for details.
C:\Users\somis\Downloads\ValueStreamModeling_Math-master\dll2\io_code.cpp(34,7): warning C4101: 'i': unreferenced local variable
C:\Users\somis\Downloads\ValueStreamModeling_Math-master\dll2\io_code.cpp(72,3): warning C4996: 'sprintf': This function or variable may be unsafe. Consider using sprintf_s instead. To disable deprecation, use _CRT_SECURE_NO_WARNINGS. See online help for details.
C:\Users\somis\Downloads\ValueStreamModeling_Math-master\dll2\io_code.cpp(78,6): warning C4996: 'sprintf': This function or variable may be unsafe. Consider using sprintf_s instead. To disable deprecation, use _CRT_SECURE_NO_WARNINGS. See online help for details.
C:\Users\somis\Downloads\ValueStreamModeling_Math-master\dll2\io_code.cpp(121,19): warning C4267: '=': conversion from 'size_t' to 'int', possible loss of data
C:\Users\somis\Downloads\ValueStreamModeling_Math-master\dll2\io_code.cpp(128,17): warning C4996: 'strncpy': This function or variable may be unsafe. Consider using strncpy_s instead. To disable deprecation, use _CRT_SECURE_NO_WARNINGS. See online help for details.
C:\Users\somis\Downloads\ValueStreamModeling_Math-master\dll2\io_code.cpp(130,19): warning C4996: 'strcpy': This function or variable may be unsafe. Consider using strcpy_s instead. To disable deprecation, use _CRT_SECURE_NO_WARNINGS. See online help for details.
C:\Users\somis\Downloads\ValueStreamModeling_Math-master\dll2\io_code.cpp(274,38): warning C4267: '=': conversion from 'size_t' to 'int', possible loss of data
C:\Users\somis\Downloads\ValueStreamModeling_Math-master\dll2\io_code.cpp(297,43): warning C4244: '=': conversion from '__int64' to 'int', possible loss of data
C:\Users\somis\Downloads\ValueStreamModeling_Math-master\dll2\io_code.cpp(308,27): warning C4244: '=': conversion from '__int64' to 'int', possible loss of data
C:\Users\somis\Downloads\ValueStreamModeling_Math-master\dll2\io_code.cpp(358,91): warning C4244: 'argument': conversion from '__int64' to 'int', possible loss of data
C:\Users\somis\Downloads\ValueStreamModeling_Math-master\dll2\io_code.cpp(396,33): warning C4244: '=': conversion from 'float' to 'int', possible loss of data
C:\Users\somis\Downloads\ValueStreamModeling_Math-master\dll2\io_code.cpp(423,35): warning C4244: '=': conversion from '__int64' to 'int', possible loss of data
C:\Users\somis\Downloads\ValueStreamModeling_Math-master\dll2\io_code.cpp(434,17): warning C4996: 'strcpy': This function or variable may be unsafe. Consider using strcpy_s instead. To disable deprecation, use _CRT_SECURE_NO_WARNINGS. See online help for details.
C:\Users\somis\Downloads\ValueStreamModeling_Math-master\dll2\io_code.cpp(401,33): warning C4996: 'sprintf': This function or variable may be unsafe. Consider using sprintf_s instead. To disable deprecation, use _CRT_SECURE_NO_WARNINGS. See online help for details.
C:\Users\somis\Downloads\ValueStreamModeling_Math-master\dll2\io_code.cpp(408,33): warning C4996: 'sprintf': This function or variable may be unsafe. Consider using sprintf_s instead. To disable deprecation, use _CRT_SECURE_NO_WARNINGS. See online help for details.
C:\Users\somis\Downloads\ValueStreamModeling_Math-master\dll2\io_code.cpp(421,25): warning C4996: 'sprintf': This function or variable may be unsafe. Consider using sprintf_s instead. To disable deprecation, use _CRT_SECURE_NO_WARNINGS. See online help for details.
C:\Users\somis\Downloads\ValueStreamModeling_Math-master\dll2\io_code.cpp(451,9): warning C4996: 'sprintf': This function or variable may be unsafe. Consider using sprintf_s instead. To disable deprecation, use _CRT_SECURE_NO_WARNINGS. See online help for details.
C:\Users\somis\Downloads\ValueStreamModeling_Math-master\dll2\io_code.cpp(456,25): warning C4996: 'sprintf': This function or variable may be unsafe. Consider using sprintf_s instead. To disable deprecation, use _CRT_SECURE_NO_WARNINGS. See online help for details.
C:\Users\somis\Downloads\ValueStreamModeling_Math-master\dll2\io_code.cpp(457,25): warning C4996: 'sprintf': This function or variable may be unsafe. Consider using sprintf_s instead. To disable deprecation, use _CRT_SECURE_NO_WARNINGS. See online help for details.
C:\Users\somis\Downloads\ValueStreamModeling_Math-master\dll2\io_code.cpp(464,13): warning C4996: 'sprintf': This function or variable may be unsafe. Consider using sprintf_s instead. To disable deprecation, use _CRT_SECURE_NO_WARNINGS. See online help for details.
C:\Users\somis\Downloads\ValueStreamModeling_Math-master\dll2\io_code.cpp(524,1): warning C4996: 'sprintf': This function or variable may be unsafe. Consider using sprintf_s instead. To disable deprecation, use _CRT_SECURE_NO_WARNINGS. See online help for details.
C:\Users\somis\Downloads\ValueStreamModeling_Math-master\dll2\io_code.cpp(527,9): warning C4996: 'sprintf': This function or variable may be unsafe. Consider using sprintf_s instead. To disable deprecation, use _CRT_SECURE_NO_WARNINGS. See online help for details.
C:\Users\somis\Downloads\ValueStreamModeling_Math-master\dll2\io_code.cpp(529,9): warning C4996: 'sprintf': This function or variable may be unsafe. Consider using sprintf_s instead. To disable deprecation, use _CRT_SECURE_NO_WARNINGS. See online help for details.
C:\Users\somis\Downloads\ValueStreamModeling_Math-master\dll2\io_code.cpp(534,9): warning C4996: 'sprintf': This function or variable may be unsafe. Consider using sprintf_s instead. To disable deprecation, use _CRT_SECURE_NO_WARNINGS. See online help for details.
C:\Users\somis\Downloads\ValueStreamModeling_Math-master\dll2\io_code.cpp(538,9): warning C4996: 'sprintf': This function or variable may be unsafe. Consider using sprintf_s instead. To disable deprecation, use _CRT_SECURE_NO_WARNINGS. See online help for details.
C:\Users\somis\Downloads\ValueStreamModeling_Math-master\dll2\io_code.cpp(540,9): warning C4996: 'sprintf': This function or variable may be unsafe. Consider using sprintf_s instead. To disable deprecation, use _CRT_SECURE_NO_WARNINGS. See online help for details.
C:\Users\somis\Downloads\ValueStreamModeling_Math-master\dll2\io_code.cpp(542,9): warning C4996: 'sprintf': This function or variable may be unsafe. Consider using sprintf_s instead. To disable deprecation, use _CRT_SECURE_NO_WARNINGS. See online help for details.
C:\Users\somis\Downloads\ValueStreamModeling_Math-master\dll2\io_code.cpp(544,9): warning C4996: 'sprintf': This function or variable may be unsafe. Consider using sprintf_s instead. To disable deprecation, use _CRT_SECURE_NO_WARNINGS. See online help for details.
C:\Users\somis\Downloads\ValueStreamModeling_Math-master\dll2\io_code.cpp(547,8): warning C4996: 'sprintf': This function or variable may be unsafe. Consider using sprintf_s instead. To disable deprecation, use _CRT_SECURE_NO_WARNINGS. See online help for details.
C:\Users\somis\Downloads\ValueStreamModeling_Math-master\dll2\io_code.cpp(550,8): warning C4996: 'sprintf': This function or variable may be unsafe. Consider using sprintf_s instead. To disable deprecation, use _CRT_SECURE_NO_WARNINGS. See online help for details.
C:\Users\somis\Downloads\ValueStreamModeling_Math-master\dll2\io_code.cpp(557,3): warning C4996: 'sprintf': This function or variable may be unsafe. Consider using sprintf_s instead. To disable deprecation, use _CRT_SECURE_NO_WARNINGS. See online help for details.
C:\Users\somis\Downloads\ValueStreamModeling_Math-master\dll2\io_code.cpp(559,5): warning C4996: 'sprintf': This function or variable may be unsafe. Consider using sprintf_s instead. To disable deprecation, use _CRT_SECURE_NO_WARNINGS. See online help for details.
C:\Users\somis\Downloads\ValueStreamModeling_Math-master\dll2\io_code.cpp(564,9): warning C4996: 'sprintf': This function or variable may be unsafe. Consider using sprintf_s instead. To disable deprecation, use _CRT_SECURE_NO_WARNINGS. See online help for details.
C:\Users\somis\Downloads\ValueStreamModeling_Math-master\dll2\io_code.cpp(568,9): warning C4996: 'sprintf': This function or variable may be unsafe. Consider using sprintf_s instead. To disable deprecation, use _CRT_SECURE_NO_WARNINGS. See online help for details.
C:\Users\somis\Downloads\ValueStreamModeling_Math-master\dll2\io_code.cpp(570,9): warning C4996: 'sprintf': This function or variable may be unsafe. Consider using sprintf_s instead. To disable deprecation, use _CRT_SECURE_NO_WARNINGS. See online help for details.
C:\Users\somis\Downloads\ValueStreamModeling_Math-master\dll2\io_code.cpp(572,9): warning C4996: 'sprintf': This function or variable may be unsafe. Consider using sprintf_s instead. To disable deprecation, use _CRT_SECURE_NO_WARNINGS. See online help for details.
C:\Users\somis\Downloads\ValueStreamModeling_Math-master\dll2\io_code.cpp(576,9): warning C4996: 'sprintf': This function or variable may be unsafe. Consider using sprintf_s instead. To disable deprecation, use _CRT_SECURE_NO_WARNINGS. See online help for details.
C:\Users\somis\Downloads\ValueStreamModeling_Math-master\dll2\io_code.cpp(579,10): warning C4996: 'sprintf': This function or variable may be unsafe. Consider using sprintf_s instead. To disable deprecation, use _CRT_SECURE_NO_WARNINGS. See online help for details.
C:\Users\somis\Downloads\ValueStreamModeling_Math-master\dll2\io_code.cpp(581,9): warning C4996: 'sprintf': This function or variable may be unsafe. Consider using sprintf_s instead. To disable deprecation, use _CRT_SECURE_NO_WARNINGS. See online help for details.
C:\Users\somis\Downloads\ValueStreamModeling_Math-master\dll2\io_code.cpp(583,9): warning C4996: 'sprintf': This function or variable may be unsafe. Consider using sprintf_s instead. To disable deprecation, use _CRT_SECURE_NO_WARNINGS. See online help for details.
C:\Users\somis\Downloads\ValueStreamModeling_Math-master\dll2\io_code.cpp(586,9): warning C4996: 'sprintf': This function or variable may be unsafe. Consider using sprintf_s instead. To disable deprecation, use _CRT_SECURE_NO_WARNINGS. See online help for details.
C:\Users\somis\Downloads\ValueStreamModeling_Math-master\dll2\io_code.cpp(598,9): warning C4996: 'sprintf': This function or variable may be unsafe. Consider using sprintf_s instead. To disable deprecation, use _CRT_SECURE_NO_WARNINGS. See online help for details.
C:\Users\somis\Downloads\ValueStreamModeling_Math-master\dll2\io_code.cpp(600,9): warning C4996: 'sprintf': This function or variable may be unsafe. Consider using sprintf_s instead. To disable deprecation, use _CRT_SECURE_NO_WARNINGS. See online help for details.
C:\Users\somis\Downloads\ValueStreamModeling_Math-master\dll2\io_code.cpp(604,9): warning C4996: 'sprintf': This function or variable may be unsafe. Consider using sprintf_s instead. To disable deprecation, use _CRT_SECURE_NO_WARNINGS. See online help for details.
C:\Users\somis\Downloads\ValueStreamModeling_Math-master\dll2\io_code.cpp(606,9): warning C4996: 'sprintf': This function or variable may be unsafe. Consider using sprintf_s instead. To disable deprecation, use _CRT_SECURE_NO_WARNINGS. See online help for details.
C:\Users\somis\Downloads\ValueStreamModeling_Math-master\dll2\io_code.cpp(608,9): warning C4996: 'sprintf': This function or variable may be unsafe. Consider using sprintf_s instead. To disable deprecation, use _CRT_SECURE_NO_WARNINGS. See online help for details.
C:\Users\somis\Downloads\ValueStreamModeling_Math-master\dll2\io_code.cpp(610,3): warning C4996: 'sprintf': This function or variable may be unsafe. Consider using sprintf_s instead. To disable deprecation, use _CRT_SECURE_NO_WARNINGS. See online help for details.
C:\Users\somis\Downloads\ValueStreamModeling_Math-master\dll2\io_code.cpp(612,9): warning C4996: 'sprintf': This function or variable may be unsafe. Consider using sprintf_s instead. To disable deprecation, use _CRT_SECURE_NO_WARNINGS. See online help for details.
C:\Users\somis\Downloads\ValueStreamModeling_Math-master\dll2\io_code.cpp(615,9): warning C4996: 'sprintf': This function or variable may be unsafe. Consider using sprintf_s instead. To disable deprecation, use _CRT_SECURE_NO_WARNINGS. See online help for details.
C:\Users\somis\Downloads\ValueStreamModeling_Math-master\dll2\io_code.cpp(617,3): warning C4996: 'sprintf': This function or variable may be unsafe. Consider using sprintf_s instead. To disable deprecation, use _CRT_SECURE_NO_WARNINGS. See online help for details.
C:\Users\somis\Downloads\ValueStreamModeling_Math-master\dll2\io_code.cpp(619,9): warning C4996: 'sprintf': This function or variable may be unsafe. Consider using sprintf_s instead. To disable deprecation, use _CRT_SECURE_NO_WARNINGS. See online help for details.
C:\Users\somis\Downloads\ValueStreamModeling_Math-master\dll2\io_code.cpp(622,9): warning C4996: 'sprintf': This function or variable may be unsafe. Consider using sprintf_s instead. To disable deprecation, use _CRT_SECURE_NO_WARNINGS. See online help for details.
C:\Users\somis\Downloads\ValueStreamModeling_Math-master\dll2\io_code.cpp(624,9): warning C4996: 'sprintf': This function or variable may be unsafe. Consider using sprintf_s instead. To disable deprecation, use _CRT_SECURE_NO_WARNINGS. See online help for details.
C:\Users\somis\Downloads\ValueStreamModeling_Math-master\dll2\io_code.cpp(637,17): warning C4996: 'sprintf': This function or variable may be unsafe. Consider using sprintf_s instead. To disable deprecation, use _CRT_SECURE_NO_WARNINGS. See online help for details.
C:\Users\somis\Downloads\ValueStreamModeling_Math-master\dll2\io_code.cpp(642,25): warning C4996: 'sprintf': This function or variable may be unsafe. Consider using sprintf_s instead. To disable deprecation, use _CRT_SECURE_NO_WARNINGS. See online help for details.
C:\Users\somis\Downloads\ValueStreamModeling_Math-master\dll2\io_code.cpp(644,25): warning C4996: 'sprintf': This function or variable may be unsafe. Consider using sprintf_s instead. To disable deprecation, use _CRT_SECURE_NO_WARNINGS. See online help for details.
C:\Users\somis\Downloads\ValueStreamModeling_Math-master\dll2\io_code.cpp(646,25): warning C4996: 'sprintf': This function or variable may be unsafe. Consider using sprintf_s instead. To disable deprecation, use _CRT_SECURE_NO_WARNINGS. See online help for details.
C:\Users\somis\Downloads\ValueStreamModeling_Math-master\dll2\io_code.cpp(648,25): warning C4996: 'sprintf': This function or variable may be unsafe. Consider using sprintf_s instead. To disable deprecation, use _CRT_SECURE_NO_WARNINGS. See online help for details.
C:\Users\somis\Downloads\ValueStreamModeling_Math-master\dll2\io_code.cpp(650,25): warning C4996: 'sprintf': This function or variable may be unsafe. Consider using sprintf_s instead. To disable deprecation, use _CRT_SECURE_NO_WARNINGS. See online help for details.
C:\Users\somis\Downloads\ValueStreamModeling_Math-master\dll2\io_code.cpp(652,25): warning C4996: 'sprintf': This function or variable may be unsafe. Consider using sprintf_s instead. To disable deprecation, use _CRT_SECURE_NO_WARNINGS. See online help for details.
C:\Users\somis\Downloads\ValueStreamModeling_Math-master\dll2\io_code.cpp(655,17): warning C4996: 'sprintf': This function or variable may be unsafe. Consider using sprintf_s instead. To disable deprecation, use _CRT_SECURE_NO_WARNINGS. See online help for details.
C:\Users\somis\Downloads\ValueStreamModeling_Math-master\dll2\io_code.cpp(659,9): warning C4996: 'sprintf': This function or variable may be unsafe. Consider using sprintf_s instead. To disable deprecation, use _CRT_SECURE_NO_WARNINGS. See online help for details.
C:\Users\somis\Downloads\ValueStreamModeling_Math-master\dll2\io_code.cpp(700,17): warning C4996: 'sprintf': This function or variable may be unsafe. Consider using sprintf_s instead. To disable deprecation, use _CRT_SECURE_NO_WARNINGS. See online help for details.
C:\Users\somis\Downloads\ValueStreamModeling_Math-master\dll2\io_code.cpp(704,25): warning C4996: 'sprintf': This function or variable may be unsafe. Consider using sprintf_s instead. To disable deprecation, use _CRT_SECURE_NO_WARNINGS. See online help for details.
C:\Users\somis\Downloads\ValueStreamModeling_Math-master\dll2\io_code.cpp(706,25): warning C4996: 'sprintf': This function or variable may be unsafe. Consider using sprintf_s instead. To disable deprecation, use _CRT_SECURE_NO_WARNINGS. See online help for details.
C:\Users\somis\Downloads\ValueStreamModeling_Math-master\dll2\io_code.cpp(708,25): warning C4996: 'sprintf': This function or variable may be unsafe. Consider using sprintf_s instead. To disable deprecation, use _CRT_SECURE_NO_WARNINGS. See online help for details.
C:\Users\somis\Downloads\ValueStreamModeling_Math-master\dll2\io_code.cpp(710,25): warning C4996: 'sprintf': This function or variable may be unsafe. Consider using sprintf_s instead. To disable deprecation, use _CRT_SECURE_NO_WARNINGS. See online help for details.
C:\Users\somis\Downloads\ValueStreamModeling_Math-master\dll2\io_code.cpp(712,25): warning C4996: 'sprintf': This function or variable may be unsafe. Consider using sprintf_s instead. To disable deprecation, use _CRT_SECURE_NO_WARNINGS. See online help for details.
C:\Users\somis\Downloads\ValueStreamModeling_Math-master\dll2\io_code.cpp(714,25): warning C4996: 'sprintf': This function or variable may be unsafe. Consider using sprintf_s instead. To disable deprecation, use _CRT_SECURE_NO_WARNINGS. See online help for details.
C:\Users\somis\Downloads\ValueStreamModeling_Math-master\dll2\io_code.cpp(716,25): warning C4996: 'sprintf': This function or variable may be unsafe. Consider using sprintf_s instead. To disable deprecation, use _CRT_SECURE_NO_WARNINGS. See online help for details.
C:\Users\somis\Downloads\ValueStreamModeling_Math-master\dll2\io_code.cpp(718,25): warning C4996: 'sprintf': This function or variable may be unsafe. Consider using sprintf_s instead. To disable deprecation, use _CRT_SECURE_NO_WARNINGS. See online help for details.
C:\Users\somis\Downloads\ValueStreamModeling_Math-master\dll2\io_code.cpp(782,25): warning C4996: 'sprintf': This function or variable may be unsafe. Consider using sprintf_s instead. To disable deprecation, use _CRT_SECURE_NO_WARNINGS. See online help for details.
C:\Users\somis\Downloads\ValueStreamModeling_Math-master\dll2\io_code.cpp(784,25): warning C4996: 'sprintf': This function or variable may be unsafe. Consider using sprintf_s instead. To disable deprecation, use _CRT_SECURE_NO_WARNINGS. See online help for details.
C:\Users\somis\Downloads\ValueStreamModeling_Math-master\dll2\io_code.cpp(786,25): warning C4996: 'sprintf': This function or variable may be unsafe. Consider using sprintf_s instead. To disable deprecation, use _CRT_SECURE_NO_WARNINGS. See online help for details.
C:\Users\somis\Downloads\ValueStreamModeling_Math-master\dll2\io_code.cpp(788,25): warning C4996: 'sprintf': This function or variable may be unsafe. Consider using sprintf_s instead. To disable deprecation, use _CRT_SECURE_NO_WARNINGS. See online help for details.
C:\Users\somis\Downloads\ValueStreamModeling_Math-master\dll2\io_code.cpp(790,25): warning C4996: 'sprintf': This function or variable may be unsafe. Consider using sprintf_s instead. To disable deprecation, use _CRT_SECURE_NO_WARNINGS. See online help for details.
C:\Users\somis\Downloads\ValueStreamModeling_Math-master\dll2\io_code.cpp(792,25): warning C4996: 'sprintf': This function or variable may be unsafe. Consider using sprintf_s instead. To disable deprecation, use _CRT_SECURE_NO_WARNINGS. See online help for details.
C:\Users\somis\Downloads\ValueStreamModeling_Math-master\dll2\io_code.cpp(851,22): warning C4996: 'sprintf': This function or variable may be unsafe. Consider using sprintf_s instead. To disable deprecation, use _CRT_SECURE_NO_WARNINGS. See online help for details.
C:\Users\somis\Downloads\ValueStreamModeling_Math-master\dll2\io_code.cpp(854,22): warning C4996: 'sprintf': This function or variable may be unsafe. Consider using sprintf_s instead. To disable deprecation, use _CRT_SECURE_NO_WARNINGS. See online help for details.
C:\Users\somis\Downloads\ValueStreamModeling_Math-master\dll2\io_code.cpp(857,22): warning C4996: 'sprintf': This function or variable may be unsafe. Consider using sprintf_s instead. To disable deprecation, use _CRT_SECURE_NO_WARNINGS. See online help for details.
C:\Users\somis\Downloads\ValueStreamModeling_Math-master\dll2\io_code.cpp(860,21): warning C4996: 'sprintf': This function or variable may be unsafe. Consider using sprintf_s instead. To disable deprecation, use _CRT_SECURE_NO_WARNINGS. See online help for details.
C:\Users\somis\Downloads\ValueStreamModeling_Math-master\dll2\io_code.cpp(862,22): warning C4996: 'sprintf': This function or variable may be unsafe. Consider using sprintf_s instead. To disable deprecation, use _CRT_SECURE_NO_WARNINGS. See online help for details.
C:\Users\somis\Downloads\ValueStreamModeling_Math-master\dll2\io_code.cpp(864,22): warning C4996: 'sprintf': This function or variable may be unsafe. Consider using sprintf_s instead. To disable deprecation, use _CRT_SECURE_NO_WARNINGS. See online help for details.
C:\Users\somis\Downloads\ValueStreamModeling_Math-master\dll2\io_code.cpp(867,22): warning C4996: 'sprintf': This function or variable may be unsafe. Consider using sprintf_s instead. To disable deprecation, use _CRT_SECURE_NO_WARNINGS. See online help for details.
C:\Users\somis\Downloads\ValueStreamModeling_Math-master\dll2\io_code.cpp(869,22): warning C4996: 'sprintf': This function or variable may be unsafe. Consider using sprintf_s instead. To disable deprecation, use _CRT_SECURE_NO_WARNINGS. See online help for details.
C:\Users\somis\Downloads\ValueStreamModeling_Math-master\dll2\io_code.cpp(871,22): warning C4996: 'sprintf': This function or variable may be unsafe. Consider using sprintf_s instead. To disable deprecation, use _CRT_SECURE_NO_WARNINGS. See online help for details.
C:\Users\somis\Downloads\ValueStreamModeling_Math-master\dll2\io_code.cpp(874,23): warning C4996: 'sprintf': This function or variable may be unsafe. Consider using sprintf_s instead. To disable deprecation, use _CRT_SECURE_NO_WARNINGS. See online help for details.
C:\Users\somis\Downloads\ValueStreamModeling_Math-master\dll2\io_code.cpp(876,23): warning C4996: 'sprintf': This function or variable may be unsafe. Consider using sprintf_s instead. To disable deprecation, use _CRT_SECURE_NO_WARNINGS. See online help for details.
C:\Users\somis\Downloads\ValueStreamModeling_Math-master\dll2\io_code.cpp(878,23): warning C4996: 'sprintf': This function or variable may be unsafe. Consider using sprintf_s instead. To disable deprecation, use _CRT_SECURE_NO_WARNINGS. See online help for details.
C:\Users\somis\Downloads\ValueStreamModeling_Math-master\dll2\io_code.cpp(881,22): warning C4996: 'sprintf': This function or variable may be unsafe. Consider using sprintf_s instead. To disable deprecation, use _CRT_SECURE_NO_WARNINGS. See online help for details.
C:\Users\somis\Downloads\ValueStreamModeling_Math-master\dll2\io_code.cpp(883,22): warning C4996: 'sprintf': This function or variable may be unsafe. Consider using sprintf_s instead. To disable deprecation, use _CRT_SECURE_NO_WARNINGS. See online help for details.
C:\Users\somis\Downloads\ValueStreamModeling_Math-master\dll2\io_code.cpp(885,22): warning C4996: 'sprintf': This function or variable may be unsafe. Consider using sprintf_s instead. To disable deprecation, use _CRT_SECURE_NO_WARNINGS. See online help for details.
C:\Users\somis\Downloads\ValueStreamModeling_Math-master\dll2\io_code.cpp(898,4): warning C4996: 'sprintf': This function or variable may be unsafe. Consider using sprintf_s instead. To disable deprecation, use _CRT_SECURE_NO_WARNINGS. See online help for details.
C:\Users\somis\Downloads\ValueStreamModeling_Math-master\dll2\io_code.cpp(907,5): warning C4996: 'sprintf': This function or variable may be unsafe. Consider using sprintf_s instead. To disable deprecation, use _CRT_SECURE_NO_WARNINGS. See online help for details.
C:\Users\somis\Downloads\ValueStreamModeling_Math-master\dll2\io_code.cpp(1018,4): warning C4996: 'sprintf': This function or variable may be unsafe. Consider using sprintf_s instead. To disable deprecation, use _CRT_SECURE_NO_WARNINGS. See online help for details.
C:\Users\somis\Downloads\ValueStreamModeling_Math-master\dll2\io_code.cpp(515,9): warning C4101: 's1': unreferenced local variable
C:\Users\somis\Downloads\ValueStreamModeling_Math-master\dll2\io_code.cpp(501,6): warning C4101: 'i': unreferenced local variable
  mp_demd.cpp
C:\Users\somis\Downloads\ValueStreamModeling_Math-master\dll2\mp_demd.cpp(19,9): warning C4005: 'MAX': macro redefinition
      C:\Users\somis\Downloads\ValueStreamModeling_Math-master\dll2\class_model.h(25,9):
      see previous definition of 'MAX'
  
C:\Users\somis\Downloads\ValueStreamModeling_Math-master\dll2\mp_demd.cpp(20,9): warning C4005: 'MIN': macro redefinition
      C:\Users\somis\Downloads\ValueStreamModeling_Math-master\dll2\class_model.h(29,9):
      see previous definition of 'MIN'
  
C:\Users\somis\Downloads\ValueStreamModeling_Math-master\dll2\mp_demd.cpp(63,39): warning C4244: '=': conversion from 'double' to 'float', possible loss of data
C:\Users\somis\Downloads\ValueStreamModeling_Math-master\dll2\mp_demd.cpp(65,42): warning C4244: '=': conversion from 'double' to 'float', possible loss of data
C:\Users\somis\Downloads\ValueStreamModeling_Math-master\dll2\mp_demd.cpp(71,24): warning C4996: 'strcpy': This function or variable may be unsafe. Consider using strcpy_s instead. To disable deprecation, use _CRT_SECURE_NO_WARNINGS. See online help for details.
C:\Users\somis\Downloads\ValueStreamModeling_Math-master\dll2\mp_demd.cpp(72,51): warning C4244: 'argument': conversion from 'double' to 'float', possible loss of data
C:\Users\somis\Downloads\ValueStreamModeling_Math-master\dll2\mp_demd.cpp(72,32): warning C4244: 'argument': conversion from 'double' to 'float', possible loss of data
C:\Users\somis\Downloads\ValueStreamModeling_Math-master\dll2\mp_demd.cpp(36,8): warning C4101: 'buf1': unreferenced local variable
C:\Users\somis\Downloads\ValueStreamModeling_Math-master\dll2\mp_demd.cpp(111,60): warning C4244: '=': conversion from 'double' to 'float', possible loss of data
C:\Users\somis\Downloads\ValueStreamModeling_Math-master\dll2\mp_demd.cpp(124,5): warning C4996: 'strcpy': This function or variable may be unsafe. Consider using strcpy_s instead. To disable deprecation, use _CRT_SECURE_NO_WARNINGS. See online help for details.
C:\Users\somis\Downloads\ValueStreamModeling_Math-master\dll2\mp_demd.cpp(125,61): warning C4244: 'argument': conversion from 'double' to 'float', possible loss of data
C:\Users\somis\Downloads\ValueStreamModeling_Math-master\dll2\mp_demd.cpp(125,42): warning C4244: 'argument': conversion from 'double' to 'float', possible loss of data
C:\Users\somis\Downloads\ValueStreamModeling_Math-master\dll2\mp_demd.cpp(96,8): warning C4101: 'buf1': unreferenced local variable
  nrutil.cpp
  oplst.cpp
  util.cpp
  wused.cpp
     Creating library C:\Users\somis\Downloads\ValueStreamModeling_Math-master\x64\Release\dll2.lib and object C:\Users\somis\Downloads\ValueStreamModeling_Math-master\x64\Release\dll2.exp
  Generating code
  Not all modules are compiled with -Gy (function comdat), build without incremental LTCG.
C:\Users\somis\Downloads\ValueStreamModeling_Math-master\dll2\dll2.cpp(780): warning C4700: uninitialized local variable 'i' used
  Finished generating code
  dll2.vcxproj -> C:\Users\somis\Downloads\ValueStreamModeling_Math-master\x64\Release\dll2.dll
