  Brack2.cpp
C:\Users\somis\Downloads\ValueStreamModeling_Math-master1\ValueStreamModeling_Math-master\dll2\class_model.cpp(290,3): warning C4996: 'strcpy': This function or variable may be unsafe. Consider using strcpy_s instead. To disable deprecation, use _CRT_SECURE_NO_WARNINGS. See online help for details.
  (compiling source file 'Brack2.cpp')
  
C:\Users\somis\Downloads\ValueStreamModeling_Math-master1\ValueStreamModeling_Math-master\dll2\class_model.cpp(176,2): warning C4996: 'sprintf': This function or variable may be unsafe. Consider using sprintf_s instead. To disable deprecation, use _CRT_SECURE_NO_WARNINGS. See online help for details.
  (compiling source file 'Brack2.cpp')
  
C:\Users\somis\Downloads\ValueStreamModeling_Math-master1\ValueStreamModeling_Math-master\dll2\class_model.cpp(192,2): warning C4996: 'sprintf': This function or variable may be unsafe. Consider using sprintf_s instead. To disable deprecation, use _CRT_SECURE_NO_WARNINGS. See online help for details.
  (compiling source file 'Brack2.cpp')
  
C:\Users\somis\Downloads\ValueStreamModeling_Math-master1\ValueStreamModeling_Math-master\dll2\class_model.cpp(358,9): warning C4101: 's0': unreferenced local variable
  (compiling source file 'Brack2.cpp')
  
C:\Users\somis\Downloads\ValueStreamModeling_Math-master1\ValueStreamModeling_Math-master\dll2\class_model.cpp(370,9): warning C4101: 's0': unreferenced local variable
  (compiling source file 'Brack2.cpp')
  
C:\Users\somis\Downloads\ValueStreamModeling_Math-master1\ValueStreamModeling_Math-master\dll2\class_model.cpp(394,9): warning C4101: 's1': unreferenced local variable
  (compiling source file 'Brack2.cpp')
  
C:\Users\somis\Downloads\ValueStreamModeling_Math-master1\ValueStreamModeling_Math-master\dll2\class_model.cpp(442,3): warning C4996: 'strcpy': This function or variable may be unsafe. Consider using strcpy_s instead. To disable deprecation, use _CRT_SECURE_NO_WARNINGS. See online help for details.
  (compiling source file 'Brack2.cpp')
  
C:\Users\somis\Downloads\ValueStreamModeling_Math-master1\ValueStreamModeling_Math-master\dll2\class_model.cpp(443,27): warning C4244: '=': conversion from 'double' to 'long', possible loss of data
  (compiling source file 'Brack2.cpp')
  
C:\Users\somis\Downloads\ValueStreamModeling_Math-master1\ValueStreamModeling_Math-master\dll2\class_model.cpp(498,3): warning C4996: 'strcpy': This function or variable may be unsafe. Consider using strcpy_s instead. To disable deprecation, use _CRT_SECURE_NO_WARNINGS. See online help for details.
  (compiling source file 'Brack2.cpp')
  
C:\Users\somis\Downloads\ValueStreamModeling_Math-master1\ValueStreamModeling_Math-master\dll2\class_model.cpp(541,3): warning C4996: 'strcpy': This function or variable may be unsafe. Consider using strcpy_s instead. To disable deprecation, use _CRT_SECURE_NO_WARNINGS. See online help for details.
  (compiling source file 'Brack2.cpp')
  
C:\Users\somis\Downloads\ValueStreamModeling_Math-master1\ValueStreamModeling_Math-master\dll2\class_model.cpp(634,9): warning C4101: 's0': unreferenced local variable
  (compiling source file 'Brack2.cpp')
  
C:\Users\somis\Downloads\ValueStreamModeling_Math-master1\ValueStreamModeling_Math-master\dll2\Brack2.cpp(94,30): warning C4244: '=': conversion from 'double' to 'float', possible loss of data
C:\Users\somis\Downloads\ValueStreamModeling_Math-master1\ValueStreamModeling_Math-master\dll2\Brack2.cpp(122,28): warning C4805: '==': unsafe mix of type 'boolean' and type 'bool' in operation
C:\Users\somis\Downloads\ValueStreamModeling_Math-master1\ValueStreamModeling_Math-master\dll2\Brack2.cpp(138,24): warning C4805: '==': unsafe mix of type 'boolean' and type 'bool' in operation
C:\Users\somis\Downloads\ValueStreamModeling_Math-master1\ValueStreamModeling_Math-master\dll2\Brack2.cpp(51,5): warning C4996: 'sprintf': This function or variable may be unsafe. Consider using sprintf_s instead. To disable deprecation, use _CRT_SECURE_NO_WARNINGS. See online help for details.
C:\Users\somis\Downloads\ValueStreamModeling_Math-master1\ValueStreamModeling_Math-master\dll2\Brack2.cpp(77,8): warning C4996: 'sprintf': This function or variable may be unsafe. Consider using sprintf_s instead. To disable deprecation, use _CRT_SECURE_NO_WARNINGS. See online help for details.
C:\Users\somis\Downloads\ValueStreamModeling_Math-master1\ValueStreamModeling_Math-master\dll2\Brack2.cpp(90,4): warning C4996: 'sprintf': This function or variable may be unsafe. Consider using sprintf_s instead. To disable deprecation, use _CRT_SECURE_NO_WARNINGS. See online help for details.
C:\Users\somis\Downloads\ValueStreamModeling_Math-master1\ValueStreamModeling_Math-master\dll2\Brack2.cpp(101,5): warning C4996: 'sprintf': This function or variable may be unsafe. Consider using sprintf_s instead. To disable deprecation, use _CRT_SECURE_NO_WARNINGS. See online help for details.
C:\Users\somis\Downloads\ValueStreamModeling_Math-master1\ValueStreamModeling_Math-master\dll2\Brack2.cpp(114,7): warning C4996: 'sprintf': This function or variable may be unsafe. Consider using sprintf_s instead. To disable deprecation, use _CRT_SECURE_NO_WARNINGS. See online help for details.
C:\Users\somis\Downloads\ValueStreamModeling_Math-master1\ValueStreamModeling_Math-master\dll2\Brack2.cpp(124,10): warning C4996: 'sprintf': This function or variable may be unsafe. Consider using sprintf_s instead. To disable deprecation, use _CRT_SECURE_NO_WARNINGS. See online help for details.
C:\Users\somis\Downloads\ValueStreamModeling_Math-master1\ValueStreamModeling_Math-master\dll2\Brack2.cpp(140,11): warning C4996: 'sprintf': This function or variable may be unsafe. Consider using sprintf_s instead. To disable deprecation, use _CRT_SECURE_NO_WARNINGS. See online help for details.
C:\Users\somis\Downloads\ValueStreamModeling_Math-master1\ValueStreamModeling_Math-master\dll2\Brack2.cpp(144,11): warning C4996: 'sprintf': This function or variable may be unsafe. Consider using sprintf_s instead. To disable deprecation, use _CRT_SECURE_NO_WARNINGS. See online help for details.
C:\Users\somis\Downloads\ValueStreamModeling_Math-master1\ValueStreamModeling_Math-master\dll2\Brack2.cpp(153,8): warning C4996: 'sprintf': This function or variable may be unsafe. Consider using sprintf_s instead. To disable deprecation, use _CRT_SECURE_NO_WARNINGS. See online help for details.
C:\Users\somis\Downloads\ValueStreamModeling_Math-master1\ValueStreamModeling_Math-master\dll2\Brack2.cpp(34,11): warning C4101: 'vecp1': unreferenced local variable
C:\Users\somis\Downloads\ValueStreamModeling_Math-master1\ValueStreamModeling_Math-master\dll2\Brack2.cpp(31,42): warning C4101: 'dp2': unreferenced local variable
C:\Users\somis\Downloads\ValueStreamModeling_Math-master1\ValueStreamModeling_Math-master\dll2\Brack2.cpp(31,32): warning C4101: 'dp1': unreferenced local variable
C:\Users\somis\Downloads\ValueStreamModeling_Math-master1\ValueStreamModeling_Math-master\dll2\Brack2.cpp(32,26): warning C4101: 'sign2': unreferenced local variable
C:\Users\somis\Downloads\ValueStreamModeling_Math-master1\ValueStreamModeling_Math-master\dll2\Brack2.cpp(32,19): warning C4101: 'sign1': unreferenced local variable
C:\Users\somis\Downloads\ValueStreamModeling_Math-master1\ValueStreamModeling_Math-master\dll2\Brack2.cpp(35,11): warning C4101: 'vecp2': unreferenced local variable
  Brent.cpp
C:\Users\somis\Downloads\ValueStreamModeling_Math-master1\ValueStreamModeling_Math-master\dll2\class_model.cpp(290,3): warning C4996: 'strcpy': This function or variable may be unsafe. Consider using strcpy_s instead. To disable deprecation, use _CRT_SECURE_NO_WARNINGS. See online help for details.
  (compiling source file 'Brent.cpp')
  
C:\Users\somis\Downloads\ValueStreamModeling_Math-master1\ValueStreamModeling_Math-master\dll2\class_model.cpp(176,2): warning C4996: 'sprintf': This function or variable may be unsafe. Consider using sprintf_s instead. To disable deprecation, use _CRT_SECURE_NO_WARNINGS. See online help for details.
  (compiling source file 'Brent.cpp')
  
C:\Users\somis\Downloads\ValueStreamModeling_Math-master1\ValueStreamModeling_Math-master\dll2\class_model.cpp(192,2): warning C4996: 'sprintf': This function or variable may be unsafe. Consider using sprintf_s instead. To disable deprecation, use _CRT_SECURE_NO_WARNINGS. See online help for details.
  (compiling source file 'Brent.cpp')
  
C:\Users\somis\Downloads\ValueStreamModeling_Math-master1\ValueStreamModeling_Math-master\dll2\class_model.cpp(358,9): warning C4101: 's0': unreferenced local variable
  (compiling source file 'Brent.cpp')
  
C:\Users\somis\Downloads\ValueStreamModeling_Math-master1\ValueStreamModeling_Math-master\dll2\class_model.cpp(370,9): warning C4101: 's0': unreferenced local variable
  (compiling source file 'Brent.cpp')
  
C:\Users\somis\Downloads\ValueStreamModeling_Math-master1\ValueStreamModeling_Math-master\dll2\class_model.cpp(394,9): warning C4101: 's1': unreferenced local variable
  (compiling source file 'Brent.cpp')
  
C:\Users\somis\Downloads\ValueStreamModeling_Math-master1\ValueStreamModeling_Math-master\dll2\class_model.cpp(442,3): warning C4996: 'strcpy': This function or variable may be unsafe. Consider using strcpy_s instead. To disable deprecation, use _CRT_SECURE_NO_WARNINGS. See online help for details.
  (compiling source file 'Brent.cpp')
  
C:\Users\somis\Downloads\ValueStreamModeling_Math-master1\ValueStreamModeling_Math-master\dll2\class_model.cpp(443,27): warning C4244: '=': conversion from 'double' to 'long', possible loss of data
  (compiling source file 'Brent.cpp')
  
C:\Users\somis\Downloads\ValueStreamModeling_Math-master1\ValueStreamModeling_Math-master\dll2\class_model.cpp(498,3): warning C4996: 'strcpy': This function or variable may be unsafe. Consider using strcpy_s instead. To disable deprecation, use _CRT_SECURE_NO_WARNINGS. See online help for details.
  (compiling source file 'Brent.cpp')
  
C:\Users\somis\Downloads\ValueStreamModeling_Math-master1\ValueStreamModeling_Math-master\dll2\class_model.cpp(541,3): warning C4996: 'strcpy': This function or variable may be unsafe. Consider using strcpy_s instead. To disable deprecation, use _CRT_SECURE_NO_WARNINGS. See online help for details.
  (compiling source file 'Brent.cpp')
  
C:\Users\somis\Downloads\ValueStreamModeling_Math-master1\ValueStreamModeling_Math-master\dll2\class_model.cpp(634,9): warning C4101: 's0': unreferenced local variable
  (compiling source file 'Brent.cpp')
  
C:\Users\somis\Downloads\ValueStreamModeling_Math-master1\ValueStreamModeling_Math-master\dll2\Brent.cpp(37,15): warning C4244: '=': conversion from 'double' to 'float', possible loss of data
C:\Users\somis\Downloads\ValueStreamModeling_Math-master1\ValueStreamModeling_Math-master\dll2\Brent.cpp(38,35): warning C4244: '=': conversion from 'double' to 'float', possible loss of data
C:\Users\somis\Downloads\ValueStreamModeling_Math-master1\ValueStreamModeling_Math-master\dll2\Brent.cpp(38,17): warning C4244: '=': conversion from 'double' to 'float', possible loss of data
C:\Users\somis\Downloads\ValueStreamModeling_Math-master1\ValueStreamModeling_Math-master\dll2\Brent.cpp(47,18): warning C4244: '=': conversion from 'double' to 'float', possible loss of data
C:\Users\somis\Downloads\ValueStreamModeling_Math-master1\ValueStreamModeling_Math-master\dll2\Brent.cpp(53,24): warning C4244: '=': conversion from 'double' to 'float', possible loss of data
C:\Users\somis\Downloads\ValueStreamModeling_Math-master1\ValueStreamModeling_Math-master\dll2\Brent.cpp(61,20): warning C4244: '=': conversion from 'double' to 'float', possible loss of data
C:\Users\somis\Downloads\ValueStreamModeling_Math-master1\ValueStreamModeling_Math-master\dll2\Brent.cpp(125,15): warning C4244: 'argument': conversion from 'double' to 'float', possible loss of data
C:\Users\somis\Downloads\ValueStreamModeling_Math-master1\ValueStreamModeling_Math-master\dll2\Brent.cpp(134,10): warning C4244: '=': conversion from 'double' to 'float', possible loss of data
C:\Users\somis\Downloads\ValueStreamModeling_Math-master1\ValueStreamModeling_Math-master\dll2\Brent.cpp(138,10): warning C4244: '=': conversion from 'double' to 'float', possible loss of data
C:\Users\somis\Downloads\ValueStreamModeling_Math-master1\ValueStreamModeling_Math-master\dll2\Brent.cpp(147,10): warning C4244: '=': conversion from 'double' to 'float', possible loss of data
C:\Users\somis\Downloads\ValueStreamModeling_Math-master1\ValueStreamModeling_Math-master\dll2\Brent.cpp(151,10): warning C4244: '=': conversion from 'double' to 'float', possible loss of data
C:\Users\somis\Downloads\ValueStreamModeling_Math-master1\ValueStreamModeling_Math-master\dll2\Brent.cpp(160,10): warning C4244: 'return': conversion from 'double' to 'float', possible loss of data
C:\Users\somis\Downloads\ValueStreamModeling_Math-master1\ValueStreamModeling_Math-master\dll2\Brent.cpp(167,8): warning C4244: 'return': conversion from 'double' to 'float', possible loss of data
  calc.cpp
C:\Users\somis\Downloads\ValueStreamModeling_Math-master1\ValueStreamModeling_Math-master\dll2\class_model.cpp(290,3): warning C4996: 'strcpy': This function or variable may be unsafe. Consider using strcpy_s instead. To disable deprecation, use _CRT_SECURE_NO_WARNINGS. See online help for details.
  (compiling source file 'calc.cpp')
  
C:\Users\somis\Downloads\ValueStreamModeling_Math-master1\ValueStreamModeling_Math-master\dll2\class_model.cpp(176,2): warning C4996: 'sprintf': This function or variable may be unsafe. Consider using sprintf_s instead. To disable deprecation, use _CRT_SECURE_NO_WARNINGS. See online help for details.
  (compiling source file 'calc.cpp')
  
C:\Users\somis\Downloads\ValueStreamModeling_Math-master1\ValueStreamModeling_Math-master\dll2\class_model.cpp(192,2): warning C4996: 'sprintf': This function or variable may be unsafe. Consider using sprintf_s instead. To disable deprecation, use _CRT_SECURE_NO_WARNINGS. See online help for details.
  (compiling source file 'calc.cpp')
  
C:\Users\somis\Downloads\ValueStreamModeling_Math-master1\ValueStreamModeling_Math-master\dll2\class_model.cpp(358,9): warning C4101: 's0': unreferenced local variable
  (compiling source file 'calc.cpp')
  
C:\Users\somis\Downloads\ValueStreamModeling_Math-master1\ValueStreamModeling_Math-master\dll2\class_model.cpp(370,9): warning C4101: 's0': unreferenced local variable
  (compiling source file 'calc.cpp')
  
C:\Users\somis\Downloads\ValueStreamModeling_Math-master1\ValueStreamModeling_Math-master\dll2\class_model.cpp(394,9): warning C4101: 's1': unreferenced local variable
  (compiling source file 'calc.cpp')
  
C:\Users\somis\Downloads\ValueStreamModeling_Math-master1\ValueStreamModeling_Math-master\dll2\class_model.cpp(442,3): warning C4996: 'strcpy': This function or variable may be unsafe. Consider using strcpy_s instead. To disable deprecation, use _CRT_SECURE_NO_WARNINGS. See online help for details.
  (compiling source file 'calc.cpp')
  
C:\Users\somis\Downloads\ValueStreamModeling_Math-master1\ValueStreamModeling_Math-master\dll2\class_model.cpp(443,27): warning C4244: '=': conversion from 'double' to 'long', possible loss of data
  (compiling source file 'calc.cpp')
  
C:\Users\somis\Downloads\ValueStreamModeling_Math-master1\ValueStreamModeling_Math-master\dll2\class_model.cpp(498,3): warning C4996: 'strcpy': This function or variable may be unsafe. Consider using strcpy_s instead. To disable deprecation, use _CRT_SECURE_NO_WARNINGS. See online help for details.
  (compiling source file 'calc.cpp')
  
C:\Users\somis\Downloads\ValueStreamModeling_Math-master1\ValueStreamModeling_Math-master\dll2\class_model.cpp(541,3): warning C4996: 'strcpy': This function or variable may be unsafe. Consider using strcpy_s instead. To disable deprecation, use _CRT_SECURE_NO_WARNINGS. See online help for details.
  (compiling source file 'calc.cpp')
  
C:\Users\somis\Downloads\ValueStreamModeling_Math-master1\ValueStreamModeling_Math-master\dll2\class_model.cpp(634,9): warning C4101: 's0': unreferenced local variable
  (compiling source file 'calc.cpp')
  
C:\Users\somis\Downloads\ValueStreamModeling_Math-master1\ValueStreamModeling_Math-master\dll2\calc.cpp(27,10): warning C4005: 'BUFLEN': macro redefinition
      C:\Users\somis\Downloads\ValueStreamModeling_Math-master1\ValueStreamModeling_Math-master\dll2\class_eq.h(11,11):
      see previous definition of 'BUFLEN'
  
C:\Users\somis\Downloads\ValueStreamModeling_Math-master1\ValueStreamModeling_Math-master\dll2\calc.cpp(29,10): warning C4005: 'MESSAGE_SIZE': macro redefinition
      C:\Users\somis\Downloads\ValueStreamModeling_Math-master1\ValueStreamModeling_Math-master\dll2\class_eq.h(13,10):
      see previous definition of 'MESSAGE_SIZE'
  
C:\Users\somis\Downloads\ValueStreamModeling_Math-master1\ValueStreamModeling_Math-master\dll2\calc.cpp(127,26): warning C4805: '==': unsafe mix of type 'int' and type 'bool' in operation
C:\Users\somis\Downloads\ValueStreamModeling_Math-master1\ValueStreamModeling_Math-master\dll2\calc.cpp(139,27): warning C4805: '==': unsafe mix of type 'int' and type 'bool' in operation
C:\Users\somis\Downloads\ValueStreamModeling_Math-master1\ValueStreamModeling_Math-master\dll2\calc.cpp(150,32): warning C4805: '==': unsafe mix of type 'int' and type 'bool' in operation
C:\Users\somis\Downloads\ValueStreamModeling_Math-master1\ValueStreamModeling_Math-master\dll2\calc.cpp(234,17): warning C4996: 'strcpy': This function or variable may be unsafe. Consider using strcpy_s instead. To disable deprecation, use _CRT_SECURE_NO_WARNINGS. See online help for details.
C:\Users\somis\Downloads\ValueStreamModeling_Math-master1\ValueStreamModeling_Math-master\dll2\calc.cpp(235,17): warning C4996: 'strcat': This function or variable may be unsafe. Consider using strcat_s instead. To disable deprecation, use _CRT_SECURE_NO_WARNINGS. See online help for details.
C:\Users\somis\Downloads\ValueStreamModeling_Math-master1\ValueStreamModeling_Math-master\dll2\calc.cpp(243,9): warning C4996: 'strcpy': This function or variable may be unsafe. Consider using strcpy_s instead. To disable deprecation, use _CRT_SECURE_NO_WARNINGS. See online help for details.
C:\Users\somis\Downloads\ValueStreamModeling_Math-master1\ValueStreamModeling_Math-master\dll2\calc.cpp(244,43): warning C4996: 'strcat': This function or variable may be unsafe. Consider using strcat_s instead. To disable deprecation, use _CRT_SECURE_NO_WARNINGS. See online help for details.
C:\Users\somis\Downloads\ValueStreamModeling_Math-master1\ValueStreamModeling_Math-master\dll2\calc.cpp(245,43): warning C4996: 'strcat': This function or variable may be unsafe. Consider using strcat_s instead. To disable deprecation, use _CRT_SECURE_NO_WARNINGS. See online help for details.
C:\Users\somis\Downloads\ValueStreamModeling_Math-master1\ValueStreamModeling_Math-master\dll2\calc.cpp(246,39): warning C4996: 'strcat': This function or variable may be unsafe. Consider using strcat_s instead. To disable deprecation, use _CRT_SECURE_NO_WARNINGS. See online help for details.
C:\Users\somis\Downloads\ValueStreamModeling_Math-master1\ValueStreamModeling_Math-master\dll2\calc.cpp(261,37): warning C4244: '+=': conversion from 'double' to 'float', possible loss of data
C:\Users\somis\Downloads\ValueStreamModeling_Math-master1\ValueStreamModeling_Math-master\dll2\calc.cpp(263,47): warning C4244: '+=': conversion from 'double' to 'float', possible loss of data
C:\Users\somis\Downloads\ValueStreamModeling_Math-master1\ValueStreamModeling_Math-master\dll2\calc.cpp(264,39): warning C4244: '+=': conversion from 'double' to 'float', possible loss of data
C:\Users\somis\Downloads\ValueStreamModeling_Math-master1\ValueStreamModeling_Math-master\dll2\calc.cpp(266,40): warning C4244: '+=': conversion from 'double' to 'float', possible loss of data
C:\Users\somis\Downloads\ValueStreamModeling_Math-master1\ValueStreamModeling_Math-master\dll2\calc.cpp(267,49): warning C4244: '+=': conversion from 'double' to 'float', possible loss of data
C:\Users\somis\Downloads\ValueStreamModeling_Math-master1\ValueStreamModeling_Math-master\dll2\calc.cpp(75,6): warning C4101: 'o_start': unreferenced local variable
C:\Users\somis\Downloads\ValueStreamModeling_Math-master1\ValueStreamModeling_Math-master\dll2\calc.cpp(78,6): warning C4101: 'r_start': unreferenced local variable
C:\Users\somis\Downloads\ValueStreamModeling_Math-master1\ValueStreamModeling_Math-master\dll2\calc.cpp(70,16): warning C4101: 'troute': unreferenced local variable
C:\Users\somis\Downloads\ValueStreamModeling_Math-master1\ValueStreamModeling_Math-master\dll2\calc.cpp(81,6): warning C4101: 'i_start': unreferenced local variable
C:\Users\somis\Downloads\ValueStreamModeling_Math-master1\ValueStreamModeling_Math-master\dll2\calc.cpp(69,15): warning C4101: 'toper': unreferenced local variable
C:\Users\somis\Downloads\ValueStreamModeling_Math-master1\ValueStreamModeling_Math-master\dll2\calc.cpp(76,6): warning C4101: 'o_count': unreferenced local variable
C:\Users\somis\Downloads\ValueStreamModeling_Math-master1\ValueStreamModeling_Math-master\dll2\calc.cpp(79,6): warning C4101: 'r_count': unreferenced local variable
C:\Users\somis\Downloads\ValueStreamModeling_Math-master1\ValueStreamModeling_Math-master\dll2\calc.cpp(73,6): warning C4101: 'i': unreferenced local variable
C:\Users\somis\Downloads\ValueStreamModeling_Math-master1\ValueStreamModeling_Math-master\dll2\calc.cpp(71,15): warning C4101: 'tibom': unreferenced local variable
C:\Users\somis\Downloads\ValueStreamModeling_Math-master1\ValueStreamModeling_Math-master\dll2\calc.cpp(82,6): warning C4101: 'i_count': unreferenced local variable
C:\Users\somis\Downloads\ValueStreamModeling_Math-master1\ValueStreamModeling_Math-master\dll2\calc.cpp(85,13): warning C4101: 'todo': unreferenced local variable
  calc1.cpp
C:\Users\somis\Downloads\ValueStreamModeling_Math-master1\ValueStreamModeling_Math-master\dll2\class_model.cpp(290,3): warning C4996: 'strcpy': This function or variable may be unsafe. Consider using strcpy_s instead. To disable deprecation, use _CRT_SECURE_NO_WARNINGS. See online help for details.
  (compiling source file 'calc1.cpp')
  
C:\Users\somis\Downloads\ValueStreamModeling_Math-master1\ValueStreamModeling_Math-master\dll2\class_model.cpp(176,2): warning C4996: 'sprintf': This function or variable may be unsafe. Consider using sprintf_s instead. To disable deprecation, use _CRT_SECURE_NO_WARNINGS. See online help for details.
  (compiling source file 'calc1.cpp')
  
C:\Users\somis\Downloads\ValueStreamModeling_Math-master1\ValueStreamModeling_Math-master\dll2\class_model.cpp(192,2): warning C4996: 'sprintf': This function or variable may be unsafe. Consider using sprintf_s instead. To disable deprecation, use _CRT_SECURE_NO_WARNINGS. See online help for details.
  (compiling source file 'calc1.cpp')
  
C:\Users\somis\Downloads\ValueStreamModeling_Math-master1\ValueStreamModeling_Math-master\dll2\class_model.cpp(358,9): warning C4101: 's0': unreferenced local variable
  (compiling source file 'calc1.cpp')
  
C:\Users\somis\Downloads\ValueStreamModeling_Math-master1\ValueStreamModeling_Math-master\dll2\class_model.cpp(370,9): warning C4101: 's0': unreferenced local variable
  (compiling source file 'calc1.cpp')
  
C:\Users\somis\Downloads\ValueStreamModeling_Math-master1\ValueStreamModeling_Math-master\dll2\class_model.cpp(394,9): warning C4101: 's1': unreferenced local variable
  (compiling source file 'calc1.cpp')
  
C:\Users\somis\Downloads\ValueStreamModeling_Math-master1\ValueStreamModeling_Math-master\dll2\class_model.cpp(442,3): warning C4996: 'strcpy': This function or variable may be unsafe. Consider using strcpy_s instead. To disable deprecation, use _CRT_SECURE_NO_WARNINGS. See online help for details.
  (compiling source file 'calc1.cpp')
  
C:\Users\somis\Downloads\ValueStreamModeling_Math-master1\ValueStreamModeling_Math-master\dll2\class_model.cpp(443,27): warning C4244: '=': conversion from 'double' to 'long', possible loss of data
  (compiling source file 'calc1.cpp')
  
C:\Users\somis\Downloads\ValueStreamModeling_Math-master1\ValueStreamModeling_Math-master\dll2\class_model.cpp(498,3): warning C4996: 'strcpy': This function or variable may be unsafe. Consider using strcpy_s instead. To disable deprecation, use _CRT_SECURE_NO_WARNINGS. See online help for details.
  (compiling source file 'calc1.cpp')
  
C:\Users\somis\Downloads\ValueStreamModeling_Math-master1\ValueStreamModeling_Math-master\dll2\class_model.cpp(541,3): warning C4996: 'strcpy': This function or variable may be unsafe. Consider using strcpy_s instead. To disable deprecation, use _CRT_SECURE_NO_WARNINGS. See online help for details.
  (compiling source file 'calc1.cpp')
  
C:\Users\somis\Downloads\ValueStreamModeling_Math-master1\ValueStreamModeling_Math-master\dll2\class_model.cpp(634,9): warning C4101: 's0': unreferenced local variable
  (compiling source file 'calc1.cpp')
  
C:\Users\somis\Downloads\ValueStreamModeling_Math-master1\ValueStreamModeling_Math-master\dll2\calc1.cpp(32,10): warning C4005: 'BUFLEN': macro redefinition
      C:\Users\somis\Downloads\ValueStreamModeling_Math-master1\ValueStreamModeling_Math-master\dll2\class_eq.h(11,11):
      see previous definition of 'BUFLEN'
  
C:\Users\somis\Downloads\ValueStreamModeling_Math-master1\ValueStreamModeling_Math-master\dll2\calc1.cpp(34,10): warning C4005: 'MESSAGE_SIZE': macro redefinition
      C:\Users\somis\Downloads\ValueStreamModeling_Math-master1\ValueStreamModeling_Math-master\dll2\class_eq.h(13,10):
      see previous definition of 'MESSAGE_SIZE'
  
C:\Users\somis\Downloads\ValueStreamModeling_Math-master1\ValueStreamModeling_Math-master\dll2\calc1.cpp(211,33): warning C4244: '=': conversion from 'double' to 'float', possible loss of data
C:\Users\somis\Downloads\ValueStreamModeling_Math-master1\ValueStreamModeling_Math-master\dll2\calc1.cpp(298,35): warning C4244: '*=': conversion from 'double' to 'float', possible loss of data
C:\Users\somis\Downloads\ValueStreamModeling_Math-master1\ValueStreamModeling_Math-master\dll2\calc1.cpp(299,35): warning C4244: '*=': conversion from 'double' to 'float', possible loss of data
C:\Users\somis\Downloads\ValueStreamModeling_Math-master1\ValueStreamModeling_Math-master\dll2\calc1.cpp(300,51): warning C4244: '=': conversion from 'double' to 'float', possible loss of data
C:\Users\somis\Downloads\ValueStreamModeling_Math-master1\ValueStreamModeling_Math-master\dll2\calc1.cpp(307,34): warning C4244: '*=': conversion from 'double' to 'float', possible loss of data
C:\Users\somis\Downloads\ValueStreamModeling_Math-master1\ValueStreamModeling_Math-master\dll2\calc1.cpp(308,34): warning C4244: '*=': conversion from 'double' to 'float', possible loss of data
C:\Users\somis\Downloads\ValueStreamModeling_Math-master1\ValueStreamModeling_Math-master\dll2\calc1.cpp(362,59): warning C4244: '=': conversion from 'double' to 'float', possible loss of data
C:\Users\somis\Downloads\ValueStreamModeling_Math-master1\ValueStreamModeling_Math-master\dll2\calc1.cpp(380,59): warning C4244: '=': conversion from 'double' to 'float', possible loss of data
C:\Users\somis\Downloads\ValueStreamModeling_Math-master1\ValueStreamModeling_Math-master\dll2\calc1.cpp(414,69): warning C4244: '=': conversion from 'double' to 'float', possible loss of data
C:\Users\somis\Downloads\ValueStreamModeling_Math-master1\ValueStreamModeling_Math-master\dll2\calc1.cpp(424,37): warning C4244: '=': conversion from 'double' to 'float', possible loss of data
C:\Users\somis\Downloads\ValueStreamModeling_Math-master1\ValueStreamModeling_Math-master\dll2\calc1.cpp(461,69): warning C4244: '=': conversion from 'double' to 'float', possible loss of data
C:\Users\somis\Downloads\ValueStreamModeling_Math-master1\ValueStreamModeling_Math-master\dll2\calc1.cpp(462,34): warning C4244: '=': conversion from 'double' to 'float', possible loss of data
C:\Users\somis\Downloads\ValueStreamModeling_Math-master1\ValueStreamModeling_Math-master\dll2\calc1.cpp(527,34): warning C4244: '=': conversion from 'double' to 'float', possible loss of data
C:\Users\somis\Downloads\ValueStreamModeling_Math-master1\ValueStreamModeling_Math-master\dll2\calc1.cpp(541,49): warning C4477: 'sprintf_s' : format string '%f' requires an argument of type 'double', but variadic argument 6 has type 'long'
C:\Users\somis\Downloads\ValueStreamModeling_Math-master1\ValueStreamModeling_Math-master\dll2\calc1.cpp(597,57): warning C4244: '=': conversion from 'double' to 'float', possible loss of data
C:\Users\somis\Downloads\ValueStreamModeling_Math-master1\ValueStreamModeling_Math-master\dll2\calc1.cpp(598,56): warning C4244: '=': conversion from 'double' to 'float', possible loss of data
C:\Users\somis\Downloads\ValueStreamModeling_Math-master1\ValueStreamModeling_Math-master\dll2\calc1.cpp(599,43): warning C4244: '*=': conversion from 'double' to 'float', possible loss of data
C:\Users\somis\Downloads\ValueStreamModeling_Math-master1\ValueStreamModeling_Math-master\dll2\calc1.cpp(602,57): warning C4244: '=': conversion from 'double' to 'float', possible loss of data
C:\Users\somis\Downloads\ValueStreamModeling_Math-master1\ValueStreamModeling_Math-master\dll2\calc1.cpp(603,66): warning C4244: '=': conversion from 'double' to 'float', possible loss of data
C:\Users\somis\Downloads\ValueStreamModeling_Math-master1\ValueStreamModeling_Math-master\dll2\calc1.cpp(608,50): warning C4244: '+=': conversion from 'double' to 'float', possible loss of data
C:\Users\somis\Downloads\ValueStreamModeling_Math-master1\ValueStreamModeling_Math-master\dll2\calc1.cpp(643,67): warning C4244: '=': conversion from 'double' to 'float', possible loss of data
C:\Users\somis\Downloads\ValueStreamModeling_Math-master1\ValueStreamModeling_Math-master\dll2\calc1.cpp(644,44): warning C4244: '=': conversion from 'double' to 'float', possible loss of data
C:\Users\somis\Downloads\ValueStreamModeling_Math-master1\ValueStreamModeling_Math-master\dll2\calc1.cpp(652,35): warning C4244: '*=': conversion from 'double' to 'float', possible loss of data
C:\Users\somis\Downloads\ValueStreamModeling_Math-master1\ValueStreamModeling_Math-master\dll2\calc1.cpp(658,115): warning C4244: '=': conversion from 'double' to 'float', possible loss of data
C:\Users\somis\Downloads\ValueStreamModeling_Math-master1\ValueStreamModeling_Math-master\dll2\calc1.cpp(662,49): warning C4244: '=': conversion from 'double' to 'float', possible loss of data
C:\Users\somis\Downloads\ValueStreamModeling_Math-master1\ValueStreamModeling_Math-master\dll2\calc1.cpp(152,5): warning C4996: 'sprintf': This function or variable may be unsafe. Consider using sprintf_s instead. To disable deprecation, use _CRT_SECURE_NO_WARNINGS. See online help for details.
C:\Users\somis\Downloads\ValueStreamModeling_Math-master1\ValueStreamModeling_Math-master\dll2\calc1.cpp(369,7): warning C4996: 'sprintf': This function or variable may be unsafe. Consider using sprintf_s instead. To disable deprecation, use _CRT_SECURE_NO_WARNINGS. See online help for details.
C:\Users\somis\Downloads\ValueStreamModeling_Math-master1\ValueStreamModeling_Math-master\dll2\calc1.cpp(417,7): warning C4996: 'sprintf': This function or variable may be unsafe. Consider using sprintf_s instead. To disable deprecation, use _CRT_SECURE_NO_WARNINGS. See online help for details.
C:\Users\somis\Downloads\ValueStreamModeling_Math-master1\ValueStreamModeling_Math-master\dll2\calc1.cpp(710,11): warning C4996: 'sprintf': This function or variable may be unsafe. Consider using sprintf_s instead. To disable deprecation, use _CRT_SECURE_NO_WARNINGS. See online help for details.
C:\Users\somis\Downloads\ValueStreamModeling_Math-master1\ValueStreamModeling_Math-master\dll2\calc1.cpp(714,11): warning C4996: 'sprintf': This function or variable may be unsafe. Consider using sprintf_s instead. To disable deprecation, use _CRT_SECURE_NO_WARNINGS. See online help for details.
C:\Users\somis\Downloads\ValueStreamModeling_Math-master1\ValueStreamModeling_Math-master\dll2\calc1.cpp(719,7): warning C4996: 'sprintf': This function or variable may be unsafe. Consider using sprintf_s instead. To disable deprecation, use _CRT_SECURE_NO_WARNINGS. See online help for details.
C:\Users\somis\Downloads\ValueStreamModeling_Math-master1\ValueStreamModeling_Math-master\dll2\calc1.cpp(796,5): warning C4996: 'sprintf': This function or variable may be unsafe. Consider using sprintf_s instead. To disable deprecation, use _CRT_SECURE_NO_WARNINGS. See online help for details.
C:\Users\somis\Downloads\ValueStreamModeling_Math-master1\ValueStreamModeling_Math-master\dll2\calc1.cpp(800,5): warning C4996: 'sprintf': This function or variable may be unsafe. Consider using sprintf_s instead. To disable deprecation, use _CRT_SECURE_NO_WARNINGS. See online help for details.
C:\Users\somis\Downloads\ValueStreamModeling_Math-master1\ValueStreamModeling_Math-master\dll2\calc1.cpp(804,5): warning C4996: 'sprintf': This function or variable may be unsafe. Consider using sprintf_s instead. To disable deprecation, use _CRT_SECURE_NO_WARNINGS. See online help for details.
C:\Users\somis\Downloads\ValueStreamModeling_Math-master1\ValueStreamModeling_Math-master\dll2\calc1.cpp(159,1): warning C4102: 'restart': unreferenced label
C:\Users\somis\Downloads\ValueStreamModeling_Math-master1\ValueStreamModeling_Math-master\dll2\calc1.cpp(115,57): warning C4101: 'xbarbar': unreferenced local variable
C:\Users\somis\Downloads\ValueStreamModeling_Math-master1\ValueStreamModeling_Math-master\dll2\calc1.cpp(115,66): warning C4101: 'xbard': unreferenced local variable
C:\Users\somis\Downloads\ValueStreamModeling_Math-master1\ValueStreamModeling_Math-master\dll2\calc1.cpp(105,20): warning C4101: 'queopr': unreferenced local variable
C:\Users\somis\Downloads\ValueStreamModeling_Math-master1\ValueStreamModeling_Math-master\dll2\calc1.cpp(115,31): warning C4101: 'xl_only': unreferenced local variable
C:\Users\somis\Downloads\ValueStreamModeling_Math-master1\ValueStreamModeling_Math-master\dll2\calc1.cpp(115,22): warning C4101: 'xm_only': unreferenced local variable
C:\Users\somis\Downloads\ValueStreamModeling_Math-master1\ValueStreamModeling_Math-master\dll2\calc1.cpp(115,40): warning C4101: 'v_visit': unreferenced local variable
C:\Users\somis\Downloads\ValueStreamModeling_Math-master1\ValueStreamModeling_Math-master\dll2\calc1.cpp(96,7): warning C4101: 'i': unreferenced local variable
C:\Users\somis\Downloads\ValueStreamModeling_Math-master1\ValueStreamModeling_Math-master\dll2\calc1.cpp(115,73): warning C4101: 'xsigbar': unreferenced local variable
C:\Users\somis\Downloads\ValueStreamModeling_Math-master1\ValueStreamModeling_Math-master\dll2\calc1.cpp(115,82): warning C4101: 'cs2': unreferenced local variable
C:\Users\somis\Downloads\ValueStreamModeling_Math-master1\ValueStreamModeling_Math-master\dll2\calc1.cpp(115,15): warning C4101: 'vlam1': unreferenced local variable
C:\Users\somis\Downloads\ValueStreamModeling_Math-master1\ValueStreamModeling_Math-master\dll2\calc1.cpp(115,49): warning C4101: 'xprsqr': unreferenced local variable
C:\Users\somis\Downloads\ValueStreamModeling_Math-master1\ValueStreamModeling_Math-master\dll2\calc1.cpp(268,10): warning C4101: 's0': unreferenced local variable
C:\Users\somis\Downloads\ValueStreamModeling_Math-master1\ValueStreamModeling_Math-master\dll2\calc1.cpp(910,41): warning C4244: '=': conversion from 'double' to 'float', possible loss of data
C:\Users\somis\Downloads\ValueStreamModeling_Math-master1\ValueStreamModeling_Math-master\dll2\calc1.cpp(912,68): warning C4244: '=': conversion from 'double' to 'float', possible loss of data
C:\Users\somis\Downloads\ValueStreamModeling_Math-master1\ValueStreamModeling_Math-master\dll2\calc1.cpp(928,57): warning C4244: '=': conversion from 'double' to 'float', possible loss of data
C:\Users\somis\Downloads\ValueStreamModeling_Math-master1\ValueStreamModeling_Math-master\dll2\calc1.cpp(937,72): warning C4244: '=': conversion from 'double' to 'float', possible loss of data
C:\Users\somis\Downloads\ValueStreamModeling_Math-master1\ValueStreamModeling_Math-master\dll2\calc1.cpp(889,22): warning C4101: 'x1': unreferenced local variable
C:\Users\somis\Downloads\ValueStreamModeling_Math-master1\ValueStreamModeling_Math-master\dll2\calc1.cpp(889,26): warning C4101: 'x2': unreferenced local variable
C:\Users\somis\Downloads\ValueStreamModeling_Math-master1\ValueStreamModeling_Math-master\dll2\calc1.cpp(889,15): warning C4101: 'xtemp': unreferenced local variable
C:\Users\somis\Downloads\ValueStreamModeling_Math-master1\ValueStreamModeling_Math-master\dll2\calc1.cpp(955,18): warning C4244: '=': conversion from 'double' to 'float', possible loss of data
C:\Users\somis\Downloads\ValueStreamModeling_Math-master1\ValueStreamModeling_Math-master\dll2\calc1.cpp(952,7): warning C4101: 'buf2': unreferenced local variable
C:\Users\somis\Downloads\ValueStreamModeling_Math-master1\ValueStreamModeling_Math-master\dll2\calc1.cpp(991,27): warning C4244: '=': conversion from 'double' to 'float', possible loss of data
C:\Users\somis\Downloads\ValueStreamModeling_Math-master1\ValueStreamModeling_Math-master\dll2\calc1.cpp(996,53): warning C4244: '=': conversion from 'double' to 'float', possible loss of data
C:\Users\somis\Downloads\ValueStreamModeling_Math-master1\ValueStreamModeling_Math-master\dll2\calc1.cpp(997,26): warning C4244: '=': conversion from 'int' to 'float', possible loss of data
C:\Users\somis\Downloads\ValueStreamModeling_Math-master1\ValueStreamModeling_Math-master\dll2\calc1.cpp(1007,50): warning C4244: '=': conversion from 'double' to 'float', possible loss of data
C:\Users\somis\Downloads\ValueStreamModeling_Math-master1\ValueStreamModeling_Math-master\dll2\calc1.cpp(1011,50): warning C4244: '=': conversion from 'double' to 'float', possible loss of data
C:\Users\somis\Downloads\ValueStreamModeling_Math-master1\ValueStreamModeling_Math-master\dll2\calc1.cpp(1013,33): warning C4244: '/=': conversion from 'double' to 'float', possible loss of data
C:\Users\somis\Downloads\ValueStreamModeling_Math-master1\ValueStreamModeling_Math-master\dll2\calc1.cpp(1020,44): warning C4244: '=': conversion from 'double' to 'float', possible loss of data
C:\Users\somis\Downloads\ValueStreamModeling_Math-master1\ValueStreamModeling_Math-master\dll2\calc1.cpp(1024,44): warning C4244: '=': conversion from 'double' to 'float', possible loss of data
C:\Users\somis\Downloads\ValueStreamModeling_Math-master1\ValueStreamModeling_Math-master\dll2\calc1.cpp(1026,38): warning C4244: '/=': conversion from 'double' to 'float', possible loss of data
C:\Users\somis\Downloads\ValueStreamModeling_Math-master1\ValueStreamModeling_Math-master\dll2\calc1.cpp(1032,55): warning C4244: '=': conversion from 'double' to 'float', possible loss of data
C:\Users\somis\Downloads\ValueStreamModeling_Math-master1\ValueStreamModeling_Math-master\dll2\calc1.cpp(1033,36): warning C4244: '=': conversion from 'double' to 'float', possible loss of data
C:\Users\somis\Downloads\ValueStreamModeling_Math-master1\ValueStreamModeling_Math-master\dll2\calc1.cpp(1034,26): warning C4244: '=': conversion from 'double' to 'float', possible loss of data
C:\Users\somis\Downloads\ValueStreamModeling_Math-master1\ValueStreamModeling_Math-master\dll2\calc1.cpp(1037,50): warning C4244: '=': conversion from 'double' to 'float', possible loss of data
C:\Users\somis\Downloads\ValueStreamModeling_Math-master1\ValueStreamModeling_Math-master\dll2\calc1.cpp(1041,50): warning C4244: '=': conversion from 'double' to 'float', possible loss of data
C:\Users\somis\Downloads\ValueStreamModeling_Math-master1\ValueStreamModeling_Math-master\dll2\calc1.cpp(1046,55): warning C4244: '=': conversion from 'double' to 'float', possible loss of data
C:\Users\somis\Downloads\ValueStreamModeling_Math-master1\ValueStreamModeling_Math-master\dll2\calc1.cpp(1047,36): warning C4244: '=': conversion from 'double' to 'float', possible loss of data
C:\Users\somis\Downloads\ValueStreamModeling_Math-master1\ValueStreamModeling_Math-master\dll2\calc1.cpp(1048,26): warning C4244: '=': conversion from 'double' to 'float', possible loss of data
C:\Users\somis\Downloads\ValueStreamModeling_Math-master1\ValueStreamModeling_Math-master\dll2\calc1.cpp(1051,36): warning C4244: '=': conversion from 'double' to 'float', possible loss of data
C:\Users\somis\Downloads\ValueStreamModeling_Math-master1\ValueStreamModeling_Math-master\dll2\calc1.cpp(1055,37): warning C4244: '=': conversion from 'double' to 'float', possible loss of data
C:\Users\somis\Downloads\ValueStreamModeling_Math-master1\ValueStreamModeling_Math-master\dll2\calc1.cpp(1061,37): warning C4244: '=': conversion from 'double' to 'float', possible loss of data
C:\Users\somis\Downloads\ValueStreamModeling_Math-master1\ValueStreamModeling_Math-master\dll2\calc1.cpp(1065,36): warning C4244: '=': conversion from 'double' to 'float', possible loss of data
C:\Users\somis\Downloads\ValueStreamModeling_Math-master1\ValueStreamModeling_Math-master\dll2\calc1.cpp(1071,37): warning C4244: '=': conversion from 'double' to 'float', possible loss of data
C:\Users\somis\Downloads\ValueStreamModeling_Math-master1\ValueStreamModeling_Math-master\dll2\calc1.cpp(1074,37): warning C4244: '=': conversion from 'double' to 'float', possible loss of data
C:\Users\somis\Downloads\ValueStreamModeling_Math-master1\ValueStreamModeling_Math-master\dll2\calc1.cpp(1079,55): warning C4244: '=': conversion from 'double' to 'float', possible loss of data
C:\Users\somis\Downloads\ValueStreamModeling_Math-master1\ValueStreamModeling_Math-master\dll2\calc1.cpp(1080,36): warning C4244: '=': conversion from 'double' to 'float', possible loss of data
C:\Users\somis\Downloads\ValueStreamModeling_Math-master1\ValueStreamModeling_Math-master\dll2\calc1.cpp(1081,26): warning C4244: '=': conversion from 'double' to 'float', possible loss of data
C:\Users\somis\Downloads\ValueStreamModeling_Math-master1\ValueStreamModeling_Math-master\dll2\calc1.cpp(1085,50): warning C4244: '=': conversion from 'double' to 'float', possible loss of data
C:\Users\somis\Downloads\ValueStreamModeling_Math-master1\ValueStreamModeling_Math-master\dll2\calc1.cpp(1091,55): warning C4244: '=': conversion from 'double' to 'float', possible loss of data
C:\Users\somis\Downloads\ValueStreamModeling_Math-master1\ValueStreamModeling_Math-master\dll2\calc1.cpp(1092,36): warning C4244: '=': conversion from 'double' to 'float', possible loss of data
C:\Users\somis\Downloads\ValueStreamModeling_Math-master1\ValueStreamModeling_Math-master\dll2\calc1.cpp(1093,26): warning C4244: '=': conversion from 'double' to 'float', possible loss of data
C:\Users\somis\Downloads\ValueStreamModeling_Math-master1\ValueStreamModeling_Math-master\dll2\calc1.cpp(1097,36): warning C4244: '=': conversion from 'double' to 'float', possible loss of data
C:\Users\somis\Downloads\ValueStreamModeling_Math-master1\ValueStreamModeling_Math-master\dll2\calc1.cpp(1102,55): warning C4244: '=': conversion from 'double' to 'float', possible loss of data
C:\Users\somis\Downloads\ValueStreamModeling_Math-master1\ValueStreamModeling_Math-master\dll2\calc1.cpp(1103,36): warning C4244: '=': conversion from 'double' to 'float', possible loss of data
C:\Users\somis\Downloads\ValueStreamModeling_Math-master1\ValueStreamModeling_Math-master\dll2\calc1.cpp(1104,26): warning C4244: '=': conversion from 'double' to 'float', possible loss of data
C:\Users\somis\Downloads\ValueStreamModeling_Math-master1\ValueStreamModeling_Math-master\dll2\calc1.cpp(1107,50): warning C4244: '=': conversion from 'double' to 'float', possible loss of data
C:\Users\somis\Downloads\ValueStreamModeling_Math-master1\ValueStreamModeling_Math-master\dll2\calc1.cpp(1108,46): warning C4244: '*=': conversion from 'double' to 'float', possible loss of data
C:\Users\somis\Downloads\ValueStreamModeling_Math-master1\ValueStreamModeling_Math-master\dll2\calc1.cpp(1112,50): warning C4244: '=': conversion from 'double' to 'float', possible loss of data
C:\Users\somis\Downloads\ValueStreamModeling_Math-master1\ValueStreamModeling_Math-master\dll2\calc1.cpp(1113,46): warning C4244: '*=': conversion from 'double' to 'float', possible loss of data
C:\Users\somis\Downloads\ValueStreamModeling_Math-master1\ValueStreamModeling_Math-master\dll2\calc1.cpp(1119,55): warning C4244: '=': conversion from 'double' to 'float', possible loss of data
C:\Users\somis\Downloads\ValueStreamModeling_Math-master1\ValueStreamModeling_Math-master\dll2\calc1.cpp(1120,36): warning C4244: '=': conversion from 'double' to 'float', possible loss of data
C:\Users\somis\Downloads\ValueStreamModeling_Math-master1\ValueStreamModeling_Math-master\dll2\calc1.cpp(1121,26): warning C4244: '=': conversion from 'double' to 'float', possible loss of data
C:\Users\somis\Downloads\ValueStreamModeling_Math-master1\ValueStreamModeling_Math-master\dll2\calc1.cpp(1124,36): warning C4244: '=': conversion from 'double' to 'float', possible loss of data
C:\Users\somis\Downloads\ValueStreamModeling_Math-master1\ValueStreamModeling_Math-master\dll2\calc1.cpp(1125,46): warning C4244: '*=': conversion from 'double' to 'float', possible loss of data
C:\Users\somis\Downloads\ValueStreamModeling_Math-master1\ValueStreamModeling_Math-master\dll2\calc1.cpp(1129,37): warning C4244: '=': conversion from 'double' to 'float', possible loss of data
C:\Users\somis\Downloads\ValueStreamModeling_Math-master1\ValueStreamModeling_Math-master\dll2\calc1.cpp(1130,46): warning C4244: '*=': conversion from 'double' to 'float', possible loss of data
C:\Users\somis\Downloads\ValueStreamModeling_Math-master1\ValueStreamModeling_Math-master\dll2\calc1.cpp(1134,55): warning C4244: '=': conversion from 'double' to 'float', possible loss of data
C:\Users\somis\Downloads\ValueStreamModeling_Math-master1\ValueStreamModeling_Math-master\dll2\calc1.cpp(1135,36): warning C4244: '=': conversion from 'double' to 'float', possible loss of data
C:\Users\somis\Downloads\ValueStreamModeling_Math-master1\ValueStreamModeling_Math-master\dll2\calc1.cpp(1136,26): warning C4244: '=': conversion from 'double' to 'float', possible loss of data
C:\Users\somis\Downloads\ValueStreamModeling_Math-master1\ValueStreamModeling_Math-master\dll2\calc1.cpp(1139,50): warning C4244: '=': conversion from 'double' to 'float', possible loss of data
C:\Users\somis\Downloads\ValueStreamModeling_Math-master1\ValueStreamModeling_Math-master\dll2\calc1.cpp(1140,46): warning C4244: '*=': conversion from 'double' to 'float', possible loss of data
C:\Users\somis\Downloads\ValueStreamModeling_Math-master1\ValueStreamModeling_Math-master\dll2\calc1.cpp(1144,50): warning C4244: '=': conversion from 'double' to 'float', possible loss of data
C:\Users\somis\Downloads\ValueStreamModeling_Math-master1\ValueStreamModeling_Math-master\dll2\calc1.cpp(1145,46): warning C4244: '*=': conversion from 'double' to 'float', possible loss of data
C:\Users\somis\Downloads\ValueStreamModeling_Math-master1\ValueStreamModeling_Math-master\dll2\calc1.cpp(1151,55): warning C4244: '=': conversion from 'double' to 'float', possible loss of data
C:\Users\somis\Downloads\ValueStreamModeling_Math-master1\ValueStreamModeling_Math-master\dll2\calc1.cpp(1152,36): warning C4244: '=': conversion from 'double' to 'float', possible loss of data
C:\Users\somis\Downloads\ValueStreamModeling_Math-master1\ValueStreamModeling_Math-master\dll2\calc1.cpp(1153,26): warning C4244: '=': conversion from 'double' to 'float', possible loss of data
C:\Users\somis\Downloads\ValueStreamModeling_Math-master1\ValueStreamModeling_Math-master\dll2\calc1.cpp(1156,36): warning C4244: '=': conversion from 'double' to 'float', possible loss of data
C:\Users\somis\Downloads\ValueStreamModeling_Math-master1\ValueStreamModeling_Math-master\dll2\calc1.cpp(1157,46): warning C4244: '*=': conversion from 'double' to 'float', possible loss of data
C:\Users\somis\Downloads\ValueStreamModeling_Math-master1\ValueStreamModeling_Math-master\dll2\calc1.cpp(1161,37): warning C4244: '=': conversion from 'double' to 'float', possible loss of data
C:\Users\somis\Downloads\ValueStreamModeling_Math-master1\ValueStreamModeling_Math-master\dll2\calc1.cpp(1162,46): warning C4244: '*=': conversion from 'double' to 'float', possible loss of data
C:\Users\somis\Downloads\ValueStreamModeling_Math-master1\ValueStreamModeling_Math-master\dll2\calc1.cpp(1166,50): warning C4244: '=': conversion from 'double' to 'float', possible loss of data
C:\Users\somis\Downloads\ValueStreamModeling_Math-master1\ValueStreamModeling_Math-master\dll2\calc1.cpp(1168,50): warning C4244: '=': conversion from 'double' to 'float', possible loss of data
C:\Users\somis\Downloads\ValueStreamModeling_Math-master1\ValueStreamModeling_Math-master\dll2\calc1.cpp(1172,36): warning C4244: '=': conversion from 'double' to 'float', possible loss of data
C:\Users\somis\Downloads\ValueStreamModeling_Math-master1\ValueStreamModeling_Math-master\dll2\calc1.cpp(1174,37): warning C4244: '=': conversion from 'double' to 'float', possible loss of data
C:\Users\somis\Downloads\ValueStreamModeling_Math-master1\ValueStreamModeling_Math-master\dll2\calc1.cpp(1178,50): warning C4244: '=': conversion from 'double' to 'float', possible loss of data
C:\Users\somis\Downloads\ValueStreamModeling_Math-master1\ValueStreamModeling_Math-master\dll2\calc1.cpp(1180,50): warning C4244: '=': conversion from 'double' to 'float', possible loss of data
C:\Users\somis\Downloads\ValueStreamModeling_Math-master1\ValueStreamModeling_Math-master\dll2\calc1.cpp(1184,36): warning C4244: '=': conversion from 'double' to 'float', possible loss of data
C:\Users\somis\Downloads\ValueStreamModeling_Math-master1\ValueStreamModeling_Math-master\dll2\calc1.cpp(1186,37): warning C4244: '=': conversion from 'double' to 'float', possible loss of data
C:\Users\somis\Downloads\ValueStreamModeling_Math-master1\ValueStreamModeling_Math-master\dll2\calc1.cpp(1192,50): warning C4244: '=': conversion from 'double' to 'float', possible loss of data
C:\Users\somis\Downloads\ValueStreamModeling_Math-master1\ValueStreamModeling_Math-master\dll2\calc1.cpp(1194,50): warning C4244: '=': conversion from 'double' to 'float', possible loss of data
C:\Users\somis\Downloads\ValueStreamModeling_Math-master1\ValueStreamModeling_Math-master\dll2\calc1.cpp(1198,36): warning C4244: '=': conversion from 'double' to 'float', possible loss of data
C:\Users\somis\Downloads\ValueStreamModeling_Math-master1\ValueStreamModeling_Math-master\dll2\calc1.cpp(1200,37): warning C4244: '=': conversion from 'double' to 'float', possible loss of data
C:\Users\somis\Downloads\ValueStreamModeling_Math-master1\ValueStreamModeling_Math-master\dll2\calc1.cpp(988,8): warning C4101: 'buf1': unreferenced local variable
C:\Users\somis\Downloads\ValueStreamModeling_Math-master1\ValueStreamModeling_Math-master\dll2\calc1.cpp(1219,8): warning C4101: 'buf1': unreferenced local variable
C:\Users\somis\Downloads\ValueStreamModeling_Math-master1\ValueStreamModeling_Math-master\dll2\calc1.cpp(1218,7): warning C4101: 'i': unreferenced local variable
C:\Users\somis\Downloads\ValueStreamModeling_Math-master1\ValueStreamModeling_Math-master\dll2\calc1.cpp(1301,20): warning C4244: '=': conversion from 'double' to 'float', possible loss of data
C:\Users\somis\Downloads\ValueStreamModeling_Math-master1\ValueStreamModeling_Math-master\dll2\calc1.cpp(1316,74): warning C4244: '+=': conversion from 'double' to 'float', possible loss of data
C:\Users\somis\Downloads\ValueStreamModeling_Math-master1\ValueStreamModeling_Math-master\dll2\calc1.cpp(1317,74): warning C4244: '+=': conversion from 'double' to 'float', possible loss of data
C:\Users\somis\Downloads\ValueStreamModeling_Math-master1\ValueStreamModeling_Math-master\dll2\calc1.cpp(1331,110): warning C4244: 'argument': conversion from 'double' to 'float', possible loss of data
C:\Users\somis\Downloads\ValueStreamModeling_Math-master1\ValueStreamModeling_Math-master\dll2\calc1.cpp(1371,26): warning C4244: '=': conversion from 'double' to 'float', possible loss of data
C:\Users\somis\Downloads\ValueStreamModeling_Math-master1\ValueStreamModeling_Math-master\dll2\calc1.cpp(1372,45): warning C4244: '=': conversion from 'double' to 'float', possible loss of data
C:\Users\somis\Downloads\ValueStreamModeling_Math-master1\ValueStreamModeling_Math-master\dll2\calc1.cpp(1373,27): warning C4244: 'argument': conversion from 'double' to 'float', possible loss of data
C:\Users\somis\Downloads\ValueStreamModeling_Math-master1\ValueStreamModeling_Math-master\dll2\calc1.cpp(1375,10): warning C4244: 'argument': conversion from 'double' to 'float', possible loss of data
C:\Users\somis\Downloads\ValueStreamModeling_Math-master1\ValueStreamModeling_Math-master\dll2\calc1.cpp(1377,10): warning C4244: 'argument': conversion from 'double' to 'float', possible loss of data
C:\Users\somis\Downloads\ValueStreamModeling_Math-master1\ValueStreamModeling_Math-master\dll2\calc1.cpp(1380,56): warning C4244: 'argument': conversion from 'double' to 'float', possible loss of data
C:\Users\somis\Downloads\ValueStreamModeling_Math-master1\ValueStreamModeling_Math-master\dll2\calc1.cpp(1380,14): warning C4244: '=': conversion from 'double' to 'float', possible loss of data
C:\Users\somis\Downloads\ValueStreamModeling_Math-master1\ValueStreamModeling_Math-master\dll2\calc1.cpp(1383,27): warning C4244: '=': conversion from 'double' to 'float', possible loss of data
C:\Users\somis\Downloads\ValueStreamModeling_Math-master1\ValueStreamModeling_Math-master\dll2\calc1.cpp(1387,27): warning C4244: '=': conversion from 'double' to 'float', possible loss of data
C:\Users\somis\Downloads\ValueStreamModeling_Math-master1\ValueStreamModeling_Math-master\dll2\calc1.cpp(1388,29): warning C4244: '=': conversion from 'double' to 'float', possible loss of data
C:\Users\somis\Downloads\ValueStreamModeling_Math-master1\ValueStreamModeling_Math-master\dll2\calc1.cpp(1392,27): warning C4244: '=': conversion from 'double' to 'float', possible loss of data
C:\Users\somis\Downloads\ValueStreamModeling_Math-master1\ValueStreamModeling_Math-master\dll2\calc1.cpp(1393,29): warning C4244: '=': conversion from 'double' to 'float', possible loss of data
C:\Users\somis\Downloads\ValueStreamModeling_Math-master1\ValueStreamModeling_Math-master\dll2\calc1.cpp(1394,48): warning C4244: '=': conversion from 'double' to 'float', possible loss of data
C:\Users\somis\Downloads\ValueStreamModeling_Math-master1\ValueStreamModeling_Math-master\dll2\calc1.cpp(1398,8): warning C4244: '=': conversion from 'double' to 'float', possible loss of data
C:\Users\somis\Downloads\ValueStreamModeling_Math-master1\ValueStreamModeling_Math-master\dll2\calc1.cpp(1402,39): warning C4244: '=': conversion from 'double' to 'float', possible loss of data
C:\Users\somis\Downloads\ValueStreamModeling_Math-master1\ValueStreamModeling_Math-master\dll2\calc1.cpp(1405,31): warning C4244: '=': conversion from 'double' to 'float', possible loss of data
C:\Users\somis\Downloads\ValueStreamModeling_Math-master1\ValueStreamModeling_Math-master\dll2\calc1.cpp(1407,25): warning C4244: '=': conversion from 'double' to 'float', possible loss of data
C:\Users\somis\Downloads\ValueStreamModeling_Math-master1\ValueStreamModeling_Math-master\dll2\calc1.cpp(1408,25): warning C4244: '=': conversion from 'double' to 'float', possible loss of data
  calc11.cpp
C:\Users\somis\Downloads\ValueStreamModeling_Math-master1\ValueStreamModeling_Math-master\dll2\class_model.cpp(290,3): warning C4996: 'strcpy': This function or variable may be unsafe. Consider using strcpy_s instead. To disable deprecation, use _CRT_SECURE_NO_WARNINGS. See online help for details.
  (compiling source file 'calc11.cpp')
  
C:\Users\somis\Downloads\ValueStreamModeling_Math-master1\ValueStreamModeling_Math-master\dll2\class_model.cpp(176,2): warning C4996: 'sprintf': This function or variable may be unsafe. Consider using sprintf_s instead. To disable deprecation, use _CRT_SECURE_NO_WARNINGS. See online help for details.
  (compiling source file 'calc11.cpp')
  
C:\Users\somis\Downloads\ValueStreamModeling_Math-master1\ValueStreamModeling_Math-master\dll2\class_model.cpp(192,2): warning C4996: 'sprintf': This function or variable may be unsafe. Consider using sprintf_s instead. To disable deprecation, use _CRT_SECURE_NO_WARNINGS. See online help for details.
  (compiling source file 'calc11.cpp')
  
C:\Users\somis\Downloads\ValueStreamModeling_Math-master1\ValueStreamModeling_Math-master\dll2\class_model.cpp(358,9): warning C4101: 's0': unreferenced local variable
  (compiling source file 'calc11.cpp')
  
C:\Users\somis\Downloads\ValueStreamModeling_Math-master1\ValueStreamModeling_Math-master\dll2\class_model.cpp(370,9): warning C4101: 's0': unreferenced local variable
  (compiling source file 'calc11.cpp')
  
C:\Users\somis\Downloads\ValueStreamModeling_Math-master1\ValueStreamModeling_Math-master\dll2\class_model.cpp(394,9): warning C4101: 's1': unreferenced local variable
  (compiling source file 'calc11.cpp')
  
C:\Users\somis\Downloads\ValueStreamModeling_Math-master1\ValueStreamModeling_Math-master\dll2\class_model.cpp(442,3): warning C4996: 'strcpy': This function or variable may be unsafe. Consider using strcpy_s instead. To disable deprecation, use _CRT_SECURE_NO_WARNINGS. See online help for details.
  (compiling source file 'calc11.cpp')
  
C:\Users\somis\Downloads\ValueStreamModeling_Math-master1\ValueStreamModeling_Math-master\dll2\class_model.cpp(443,27): warning C4244: '=': conversion from 'double' to 'long', possible loss of data
  (compiling source file 'calc11.cpp')
  
C:\Users\somis\Downloads\ValueStreamModeling_Math-master1\ValueStreamModeling_Math-master\dll2\class_model.cpp(498,3): warning C4996: 'strcpy': This function or variable may be unsafe. Consider using strcpy_s instead. To disable deprecation, use _CRT_SECURE_NO_WARNINGS. See online help for details.
  (compiling source file 'calc11.cpp')
  
C:\Users\somis\Downloads\ValueStreamModeling_Math-master1\ValueStreamModeling_Math-master\dll2\class_model.cpp(541,3): warning C4996: 'strcpy': This function or variable may be unsafe. Consider using strcpy_s instead. To disable deprecation, use _CRT_SECURE_NO_WARNINGS. See online help for details.
  (compiling source file 'calc11.cpp')
  
C:\Users\somis\Downloads\ValueStreamModeling_Math-master1\ValueStreamModeling_Math-master\dll2\class_model.cpp(634,9): warning C4101: 's0': unreferenced local variable
  (compiling source file 'calc11.cpp')
  
C:\Users\somis\Downloads\ValueStreamModeling_Math-master1\ValueStreamModeling_Math-master\dll2\calc11.cpp(132,50): warning C4805: '==': unsafe mix of type 'int' and type 'bool' in operation
C:\Users\somis\Downloads\ValueStreamModeling_Math-master1\ValueStreamModeling_Math-master\dll2\calc11.cpp(147,38): warning C4244: '+=': conversion from 'double' to 'float', possible loss of data
C:\Users\somis\Downloads\ValueStreamModeling_Math-master1\ValueStreamModeling_Math-master\dll2\calc11.cpp(61,4): warning C4996: 'sprintf': This function or variable may be unsafe. Consider using sprintf_s instead. To disable deprecation, use _CRT_SECURE_NO_WARNINGS. See online help for details.
C:\Users\somis\Downloads\ValueStreamModeling_Math-master1\ValueStreamModeling_Math-master\dll2\calc11.cpp(71,5): warning C4996: 'sprintf': This function or variable may be unsafe. Consider using sprintf_s instead. To disable deprecation, use _CRT_SECURE_NO_WARNINGS. See online help for details.
C:\Users\somis\Downloads\ValueStreamModeling_Math-master1\ValueStreamModeling_Math-master\dll2\calc11.cpp(112,5): warning C4996: 'sprintf': This function or variable may be unsafe. Consider using sprintf_s instead. To disable deprecation, use _CRT_SECURE_NO_WARNINGS. See online help for details.
C:\Users\somis\Downloads\ValueStreamModeling_Math-master1\ValueStreamModeling_Math-master\dll2\calc11.cpp(150,3): warning C4996: 'sprintf': This function or variable may be unsafe. Consider using sprintf_s instead. To disable deprecation, use _CRT_SECURE_NO_WARNINGS. See online help for details.
C:\Users\somis\Downloads\ValueStreamModeling_Math-master1\ValueStreamModeling_Math-master\dll2\calc11.cpp(46,19): warning C4101: 'x1': unreferenced local variable
C:\Users\somis\Downloads\ValueStreamModeling_Math-master1\ValueStreamModeling_Math-master\dll2\calc11.cpp(224,22): warning C4244: '=': conversion from 'double' to 'float', possible loss of data
C:\Users\somis\Downloads\ValueStreamModeling_Math-master1\ValueStreamModeling_Math-master\dll2\calc11.cpp(294,27): warning C4244: '*=': conversion from 'double' to 'float', possible loss of data
C:\Users\somis\Downloads\ValueStreamModeling_Math-master1\ValueStreamModeling_Math-master\dll2\calc11.cpp(297,27): warning C4244: '*=': conversion from 'double' to 'float', possible loss of data
C:\Users\somis\Downloads\ValueStreamModeling_Math-master1\ValueStreamModeling_Math-master\dll2\calc11.cpp(300,22): warning C4244: '=': conversion from 'double' to 'float', possible loss of data
C:\Users\somis\Downloads\ValueStreamModeling_Math-master1\ValueStreamModeling_Math-master\dll2\calc11.cpp(301,31): warning C4244: '=': conversion from 'double' to 'float', possible loss of data
C:\Users\somis\Downloads\ValueStreamModeling_Math-master1\ValueStreamModeling_Math-master\dll2\calc11.cpp(344,27): warning C4244: '*=': conversion from 'double' to 'float', possible loss of data
C:\Users\somis\Downloads\ValueStreamModeling_Math-master1\ValueStreamModeling_Math-master\dll2\calc11.cpp(347,27): warning C4244: '*=': conversion from 'double' to 'float', possible loss of data
C:\Users\somis\Downloads\ValueStreamModeling_Math-master1\ValueStreamModeling_Math-master\dll2\calc11.cpp(364,141): warning C4474: 'sprintf' : too many arguments passed for format string
      C:\Users\somis\Downloads\ValueStreamModeling_Math-master1\ValueStreamModeling_Math-master\dll2\calc11.cpp(364,141):
      placeholders and their parameters expect 6 variadic arguments, but 7 were provided
  
C:\Users\somis\Downloads\ValueStreamModeling_Math-master1\ValueStreamModeling_Math-master\dll2\calc11.cpp(373,40): warning C4244: '=': conversion from 'double' to 'float', possible loss of data
C:\Users\somis\Downloads\ValueStreamModeling_Math-master1\ValueStreamModeling_Math-master\dll2\calc11.cpp(403,37): warning C4244: '=': conversion from 'double' to 'float', possible loss of data
C:\Users\somis\Downloads\ValueStreamModeling_Math-master1\ValueStreamModeling_Math-master\dll2\calc11.cpp(404,26): warning C4244: '=': conversion from 'double' to 'float', possible loss of data
C:\Users\somis\Downloads\ValueStreamModeling_Math-master1\ValueStreamModeling_Math-master\dll2\calc11.cpp(407,31): warning C4244: '=': conversion from 'double' to 'float', possible loss of data
C:\Users\somis\Downloads\ValueStreamModeling_Math-master1\ValueStreamModeling_Math-master\dll2\calc11.cpp(417,10): warning C4244: '=': conversion from 'double' to 'float', possible loss of data
C:\Users\somis\Downloads\ValueStreamModeling_Math-master1\ValueStreamModeling_Math-master\dll2\calc11.cpp(418,99): warning C4244: '+=': conversion from 'double' to 'float', possible loss of data
C:\Users\somis\Downloads\ValueStreamModeling_Math-master1\ValueStreamModeling_Math-master\dll2\calc11.cpp(423,28): warning C4244: '=': conversion from 'double' to 'float', possible loss of data
C:\Users\somis\Downloads\ValueStreamModeling_Math-master1\ValueStreamModeling_Math-master\dll2\calc11.cpp(445,37): warning C4244: '=': conversion from 'double' to 'float', possible loss of data
C:\Users\somis\Downloads\ValueStreamModeling_Math-master1\ValueStreamModeling_Math-master\dll2\calc11.cpp(446,56): warning C4244: '=': conversion from 'double' to 'float', possible loss of data
C:\Users\somis\Downloads\ValueStreamModeling_Math-master1\ValueStreamModeling_Math-master\dll2\calc11.cpp(449,38): warning C4244: '+=': conversion from 'double' to 'float', possible loss of data
C:\Users\somis\Downloads\ValueStreamModeling_Math-master1\ValueStreamModeling_Math-master\dll2\calc11.cpp(450,95): warning C4244: '+=': conversion from 'double' to 'float', possible loss of data
C:\Users\somis\Downloads\ValueStreamModeling_Math-master1\ValueStreamModeling_Math-master\dll2\calc11.cpp(455,10): warning C4244: '=': conversion from 'double' to 'float', possible loss of data
C:\Users\somis\Downloads\ValueStreamModeling_Math-master1\ValueStreamModeling_Math-master\dll2\calc11.cpp(458,110): warning C4244: '=': conversion from 'double' to 'float', possible loss of data
C:\Users\somis\Downloads\ValueStreamModeling_Math-master1\ValueStreamModeling_Math-master\dll2\calc11.cpp(466,28): warning C4244: '=': conversion from 'double' to 'float', possible loss of data
C:\Users\somis\Downloads\ValueStreamModeling_Math-master1\ValueStreamModeling_Math-master\dll2\calc11.cpp(277,5): warning C4996: 'sprintf': This function or variable may be unsafe. Consider using sprintf_s instead. To disable deprecation, use _CRT_SECURE_NO_WARNINGS. See online help for details.
C:\Users\somis\Downloads\ValueStreamModeling_Math-master1\ValueStreamModeling_Math-master\dll2\calc11.cpp(316,5): warning C4996: 'sprintf': This function or variable may be unsafe. Consider using sprintf_s instead. To disable deprecation, use _CRT_SECURE_NO_WARNINGS. See online help for details.
C:\Users\somis\Downloads\ValueStreamModeling_Math-master1\ValueStreamModeling_Math-master\dll2\calc11.cpp(319,5): warning C4996: 'sprintf': This function or variable may be unsafe. Consider using sprintf_s instead. To disable deprecation, use _CRT_SECURE_NO_WARNINGS. See online help for details.
C:\Users\somis\Downloads\ValueStreamModeling_Math-master1\ValueStreamModeling_Math-master\dll2\calc11.cpp(349,5): warning C4996: 'sprintf': This function or variable may be unsafe. Consider using sprintf_s instead. To disable deprecation, use _CRT_SECURE_NO_WARNINGS. See online help for details.
C:\Users\somis\Downloads\ValueStreamModeling_Math-master1\ValueStreamModeling_Math-master\dll2\calc11.cpp(361,5): warning C4996: 'sprintf': This function or variable may be unsafe. Consider using sprintf_s instead. To disable deprecation, use _CRT_SECURE_NO_WARNINGS. See online help for details.
C:\Users\somis\Downloads\ValueStreamModeling_Math-master1\ValueStreamModeling_Math-master\dll2\calc11.cpp(364,5): warning C4996: 'sprintf': This function or variable may be unsafe. Consider using sprintf_s instead. To disable deprecation, use _CRT_SECURE_NO_WARNINGS. See online help for details.
C:\Users\somis\Downloads\ValueStreamModeling_Math-master1\ValueStreamModeling_Math-master\dll2\calc11.cpp(374,3): warning C4996: 'sprintf': This function or variable may be unsafe. Consider using sprintf_s instead. To disable deprecation, use _CRT_SECURE_NO_WARNINGS. See online help for details.
C:\Users\somis\Downloads\ValueStreamModeling_Math-master1\ValueStreamModeling_Math-master\dll2\calc11.cpp(461,6): warning C4996: 'sprintf': This function or variable may be unsafe. Consider using sprintf_s instead. To disable deprecation, use _CRT_SECURE_NO_WARNINGS. See online help for details.
C:\Users\somis\Downloads\ValueStreamModeling_Math-master1\ValueStreamModeling_Math-master\dll2\calc11.cpp(469,3): warning C4996: 'sprintf': This function or variable may be unsafe. Consider using sprintf_s instead. To disable deprecation, use _CRT_SECURE_NO_WARNINGS. See online help for details.
C:\Users\somis\Downloads\ValueStreamModeling_Math-master1\ValueStreamModeling_Math-master\dll2\calc11.cpp(186,13): warning C4101: 'b2': unreferenced local variable
C:\Users\somis\Downloads\ValueStreamModeling_Math-master1\ValueStreamModeling_Math-master\dll2\calc11.cpp(185,9): warning C4101: 'b': unreferenced local variable
C:\Users\somis\Downloads\ValueStreamModeling_Math-master1\ValueStreamModeling_Math-master\dll2\calc11.cpp(188,26): warning C4101: 'xprsig': unreferenced local variable
C:\Users\somis\Downloads\ValueStreamModeling_Math-master1\ValueStreamModeling_Math-master\dll2\calc11.cpp(186,17): warning C4101: 'b3': unreferenced local variable
C:\Users\somis\Downloads\ValueStreamModeling_Math-master1\ValueStreamModeling_Math-master\dll2\calc11.cpp(189,9): warning C4101: 't1': unreferenced local variable
C:\Users\somis\Downloads\ValueStreamModeling_Math-master1\ValueStreamModeling_Math-master\dll2\calc11.cpp(186,21): warning C4101: 'b4': unreferenced local variable
C:\Users\somis\Downloads\ValueStreamModeling_Math-master1\ValueStreamModeling_Math-master\dll2\calc11.cpp(173,9): warning C4101: 'Vop': unreferenced local variable
C:\Users\somis\Downloads\ValueStreamModeling_Math-master1\ValueStreamModeling_Math-master\dll2\calc11.cpp(186,9): warning C4101: 'b1': unreferenced local variable
C:\Users\somis\Downloads\ValueStreamModeling_Math-master1\ValueStreamModeling_Math-master\dll2\calc11.cpp(619,2): warning C4996: 'sprintf': This function or variable may be unsafe. Consider using sprintf_s instead. To disable deprecation, use _CRT_SECURE_NO_WARNINGS. See online help for details.
C:\Users\somis\Downloads\ValueStreamModeling_Math-master1\ValueStreamModeling_Math-master\dll2\calc11.cpp(627,8): warning C4996: 'sprintf': This function or variable may be unsafe. Consider using sprintf_s instead. To disable deprecation, use _CRT_SECURE_NO_WARNINGS. See online help for details.
  calc12.cpp
C:\Users\somis\Downloads\ValueStreamModeling_Math-master1\ValueStreamModeling_Math-master\dll2\class_model.cpp(290,3): warning C4996: 'strcpy': This function or variable may be unsafe. Consider using strcpy_s instead. To disable deprecation, use _CRT_SECURE_NO_WARNINGS. See online help for details.
  (compiling source file 'calc12.cpp')
  
C:\Users\somis\Downloads\ValueStreamModeling_Math-master1\ValueStreamModeling_Math-master\dll2\class_model.cpp(176,2): warning C4996: 'sprintf': This function or variable may be unsafe. Consider using sprintf_s instead. To disable deprecation, use _CRT_SECURE_NO_WARNINGS. See online help for details.
  (compiling source file 'calc12.cpp')
  
C:\Users\somis\Downloads\ValueStreamModeling_Math-master1\ValueStreamModeling_Math-master\dll2\class_model.cpp(192,2): warning C4996: 'sprintf': This function or variable may be unsafe. Consider using sprintf_s instead. To disable deprecation, use _CRT_SECURE_NO_WARNINGS. See online help for details.
  (compiling source file 'calc12.cpp')
  
C:\Users\somis\Downloads\ValueStreamModeling_Math-master1\ValueStreamModeling_Math-master\dll2\class_model.cpp(358,9): warning C4101: 's0': unreferenced local variable
  (compiling source file 'calc12.cpp')
  
C:\Users\somis\Downloads\ValueStreamModeling_Math-master1\ValueStreamModeling_Math-master\dll2\class_model.cpp(370,9): warning C4101: 's0': unreferenced local variable
  (compiling source file 'calc12.cpp')
  
C:\Users\somis\Downloads\ValueStreamModeling_Math-master1\ValueStreamModeling_Math-master\dll2\class_model.cpp(394,9): warning C4101: 's1': unreferenced local variable
  (compiling source file 'calc12.cpp')
  
C:\Users\somis\Downloads\ValueStreamModeling_Math-master1\ValueStreamModeling_Math-master\dll2\class_model.cpp(442,3): warning C4996: 'strcpy': This function or variable may be unsafe. Consider using strcpy_s instead. To disable deprecation, use _CRT_SECURE_NO_WARNINGS. See online help for details.
  (compiling source file 'calc12.cpp')
  
C:\Users\somis\Downloads\ValueStreamModeling_Math-master1\ValueStreamModeling_Math-master\dll2\class_model.cpp(443,27): warning C4244: '=': conversion from 'double' to 'long', possible loss of data
  (compiling source file 'calc12.cpp')
  
C:\Users\somis\Downloads\ValueStreamModeling_Math-master1\ValueStreamModeling_Math-master\dll2\class_model.cpp(498,3): warning C4996: 'strcpy': This function or variable may be unsafe. Consider using strcpy_s instead. To disable deprecation, use _CRT_SECURE_NO_WARNINGS. See online help for details.
  (compiling source file 'calc12.cpp')
  
C:\Users\somis\Downloads\ValueStreamModeling_Math-master1\ValueStreamModeling_Math-master\dll2\class_model.cpp(541,3): warning C4996: 'strcpy': This function or variable may be unsafe. Consider using strcpy_s instead. To disable deprecation, use _CRT_SECURE_NO_WARNINGS. See online help for details.
  (compiling source file 'calc12.cpp')
  
C:\Users\somis\Downloads\ValueStreamModeling_Math-master1\ValueStreamModeling_Math-master\dll2\class_model.cpp(634,9): warning C4101: 's0': unreferenced local variable
  (compiling source file 'calc12.cpp')
  
C:\Users\somis\Downloads\ValueStreamModeling_Math-master1\ValueStreamModeling_Math-master\dll2\calc12.cpp(139,16): warning C4244: '=': conversion from 'double' to 'float', possible loss of data
C:\Users\somis\Downloads\ValueStreamModeling_Math-master1\ValueStreamModeling_Math-master\dll2\calc12.cpp(141,3): warning C4996: 'sprintf': This function or variable may be unsafe. Consider using sprintf_s instead. To disable deprecation, use _CRT_SECURE_NO_WARNINGS. See online help for details.
C:\Users\somis\Downloads\ValueStreamModeling_Math-master1\ValueStreamModeling_Math-master\dll2\calc12.cpp(44,10): warning C4101: 'partial_2': unreferenced local variable
C:\Users\somis\Downloads\ValueStreamModeling_Math-master1\ValueStreamModeling_Math-master\dll2\calc12.cpp(50,10): warning C4101: 'p3': unreferenced local variable
C:\Users\somis\Downloads\ValueStreamModeling_Math-master1\ValueStreamModeling_Math-master\dll2\calc12.cpp(48,10): warning C4101: 'p1': unreferenced local variable
C:\Users\somis\Downloads\ValueStreamModeling_Math-master1\ValueStreamModeling_Math-master\dll2\calc12.cpp(49,10): warning C4101: 'p2': unreferenced local variable
C:\Users\somis\Downloads\ValueStreamModeling_Math-master1\ValueStreamModeling_Math-master\dll2\calc12.cpp(45,10): warning C4101: 'partial_3': unreferenced local variable
  calc2.cpp
C:\Users\somis\Downloads\ValueStreamModeling_Math-master1\ValueStreamModeling_Math-master\dll2\class_model.cpp(290,3): warning C4996: 'strcpy': This function or variable may be unsafe. Consider using strcpy_s instead. To disable deprecation, use _CRT_SECURE_NO_WARNINGS. See online help for details.
  (compiling source file 'calc2.cpp')
  
C:\Users\somis\Downloads\ValueStreamModeling_Math-master1\ValueStreamModeling_Math-master\dll2\class_model.cpp(176,2): warning C4996: 'sprintf': This function or variable may be unsafe. Consider using sprintf_s instead. To disable deprecation, use _CRT_SECURE_NO_WARNINGS. See online help for details.
  (compiling source file 'calc2.cpp')
  
C:\Users\somis\Downloads\ValueStreamModeling_Math-master1\ValueStreamModeling_Math-master\dll2\class_model.cpp(192,2): warning C4996: 'sprintf': This function or variable may be unsafe. Consider using sprintf_s instead. To disable deprecation, use _CRT_SECURE_NO_WARNINGS. See online help for details.
  (compiling source file 'calc2.cpp')
  
C:\Users\somis\Downloads\ValueStreamModeling_Math-master1\ValueStreamModeling_Math-master\dll2\class_model.cpp(358,9): warning C4101: 's0': unreferenced local variable
  (compiling source file 'calc2.cpp')
  
C:\Users\somis\Downloads\ValueStreamModeling_Math-master1\ValueStreamModeling_Math-master\dll2\class_model.cpp(370,9): warning C4101: 's0': unreferenced local variable
  (compiling source file 'calc2.cpp')
  
C:\Users\somis\Downloads\ValueStreamModeling_Math-master1\ValueStreamModeling_Math-master\dll2\class_model.cpp(394,9): warning C4101: 's1': unreferenced local variable
  (compiling source file 'calc2.cpp')
  
C:\Users\somis\Downloads\ValueStreamModeling_Math-master1\ValueStreamModeling_Math-master\dll2\class_model.cpp(442,3): warning C4996: 'strcpy': This function or variable may be unsafe. Consider using strcpy_s instead. To disable deprecation, use _CRT_SECURE_NO_WARNINGS. See online help for details.
  (compiling source file 'calc2.cpp')
  
C:\Users\somis\Downloads\ValueStreamModeling_Math-master1\ValueStreamModeling_Math-master\dll2\class_model.cpp(443,27): warning C4244: '=': conversion from 'double' to 'long', possible loss of data
  (compiling source file 'calc2.cpp')
  
C:\Users\somis\Downloads\ValueStreamModeling_Math-master1\ValueStreamModeling_Math-master\dll2\class_model.cpp(498,3): warning C4996: 'strcpy': This function or variable may be unsafe. Consider using strcpy_s instead. To disable deprecation, use _CRT_SECURE_NO_WARNINGS. See online help for details.
  (compiling source file 'calc2.cpp')
  
C:\Users\somis\Downloads\ValueStreamModeling_Math-master1\ValueStreamModeling_Math-master\dll2\class_model.cpp(541,3): warning C4996: 'strcpy': This function or variable may be unsafe. Consider using strcpy_s instead. To disable deprecation, use _CRT_SECURE_NO_WARNINGS. See online help for details.
  (compiling source file 'calc2.cpp')
  
C:\Users\somis\Downloads\ValueStreamModeling_Math-master1\ValueStreamModeling_Math-master\dll2\class_model.cpp(634,9): warning C4101: 's0': unreferenced local variable
  (compiling source file 'calc2.cpp')
  
C:\Users\somis\Downloads\ValueStreamModeling_Math-master1\ValueStreamModeling_Math-master\dll2\calc2.cpp(79,35): warning C4244: '*=': conversion from 'double' to 'float', possible loss of data
C:\Users\somis\Downloads\ValueStreamModeling_Math-master1\ValueStreamModeling_Math-master\dll2\calc2.cpp(82,35): warning C4244: '*=': conversion from 'double' to 'float', possible loss of data
C:\Users\somis\Downloads\ValueStreamModeling_Math-master1\ValueStreamModeling_Math-master\dll2\calc2.cpp(84,37): warning C4244: '*=': conversion from 'double' to 'float', possible loss of data
C:\Users\somis\Downloads\ValueStreamModeling_Math-master1\ValueStreamModeling_Math-master\dll2\calc2.cpp(87,50): warning C4244: '=': conversion from 'double' to 'float', possible loss of data
C:\Users\somis\Downloads\ValueStreamModeling_Math-master1\ValueStreamModeling_Math-master\dll2\calc2.cpp(92,35): warning C4244: '=': conversion from 'double' to 'float', possible loss of data
C:\Users\somis\Downloads\ValueStreamModeling_Math-master1\ValueStreamModeling_Math-master\dll2\calc2.cpp(95,41): warning C4244: '*=': conversion from 'double' to 'float', possible loss of data
C:\Users\somis\Downloads\ValueStreamModeling_Math-master1\ValueStreamModeling_Math-master\dll2\calc2.cpp(97,39): warning C4244: '=': conversion from 'double' to 'float', possible loss of data
C:\Users\somis\Downloads\ValueStreamModeling_Math-master1\ValueStreamModeling_Math-master\dll2\calc2.cpp(124,40): warning C4244: '=': conversion from 'double' to 'float', possible loss of data
C:\Users\somis\Downloads\ValueStreamModeling_Math-master1\ValueStreamModeling_Math-master\dll2\calc2.cpp(126,71): warning C4244: '=': conversion from 'double' to 'float', possible loss of data
C:\Users\somis\Downloads\ValueStreamModeling_Math-master1\ValueStreamModeling_Math-master\dll2\calc2.cpp(107,7): warning C4996: 'sprintf': This function or variable may be unsafe. Consider using sprintf_s instead. To disable deprecation, use _CRT_SECURE_NO_WARNINGS. See online help for details.
C:\Users\somis\Downloads\ValueStreamModeling_Math-master1\ValueStreamModeling_Math-master\dll2\calc2.cpp(136,6): warning C4996: 'sprintf': This function or variable may be unsafe. Consider using sprintf_s instead. To disable deprecation, use _CRT_SECURE_NO_WARNINGS. See online help for details.
C:\Users\somis\Downloads\ValueStreamModeling_Math-master1\ValueStreamModeling_Math-master\dll2\calc2.cpp(196,17): warning C4996: 'sprintf': This function or variable may be unsafe. Consider using sprintf_s instead. To disable deprecation, use _CRT_SECURE_NO_WARNINGS. See online help for details.
C:\Users\somis\Downloads\ValueStreamModeling_Math-master1\ValueStreamModeling_Math-master\dll2\calc2.cpp(197,5): warning C4996: 'sprintf': This function or variable may be unsafe. Consider using sprintf_s instead. To disable deprecation, use _CRT_SECURE_NO_WARNINGS. See online help for details.
C:\Users\somis\Downloads\ValueStreamModeling_Math-master1\ValueStreamModeling_Math-master\dll2\calc2.cpp(61,7): warning C4101: 'i': unreferenced local variable
C:\Users\somis\Downloads\ValueStreamModeling_Math-master1\ValueStreamModeling_Math-master\dll2\calc2.cpp(245,5): warning C4996: 'sprintf': This function or variable may be unsafe. Consider using sprintf_s instead. To disable deprecation, use _CRT_SECURE_NO_WARNINGS. See online help for details.
C:\Users\somis\Downloads\ValueStreamModeling_Math-master1\ValueStreamModeling_Math-master\dll2\calc2.cpp(256,6): warning C4996: 'sprintf': This function or variable may be unsafe. Consider using sprintf_s instead. To disable deprecation, use _CRT_SECURE_NO_WARNINGS. See online help for details.
C:\Users\somis\Downloads\ValueStreamModeling_Math-master1\ValueStreamModeling_Math-master\dll2\calc2.cpp(383,7): warning C4996: 'sprintf': This function or variable may be unsafe. Consider using sprintf_s instead. To disable deprecation, use _CRT_SECURE_NO_WARNINGS. See online help for details.
C:\Users\somis\Downloads\ValueStreamModeling_Math-master1\ValueStreamModeling_Math-master\dll2\calc2.cpp(400,7): warning C4996: 'sprintf': This function or variable may be unsafe. Consider using sprintf_s instead. To disable deprecation, use _CRT_SECURE_NO_WARNINGS. See online help for details.
C:\Users\somis\Downloads\ValueStreamModeling_Math-master1\ValueStreamModeling_Math-master\dll2\calc2.cpp(220,19): warning C4101: 'k': unreferenced local variable
C:\Users\somis\Downloads\ValueStreamModeling_Math-master1\ValueStreamModeling_Math-master\dll2\calc2.cpp(221,8): warning C4101: 'buf': unreferenced local variable
C:\Users\somis\Downloads\ValueStreamModeling_Math-master1\ValueStreamModeling_Math-master\dll2\calc2.cpp(220,16): warning C4101: 'j': unreferenced local variable
C:\Users\somis\Downloads\ValueStreamModeling_Math-master1\ValueStreamModeling_Math-master\dll2\calc2.cpp(227,10): warning C4101: 'fout1': unreferenced local variable
C:\Users\somis\Downloads\ValueStreamModeling_Math-master1\ValueStreamModeling_Math-master\dll2\calc2.cpp(502,21): warning C4101: 'x_m': unreferenced local variable
C:\Users\somis\Downloads\ValueStreamModeling_Math-master1\ValueStreamModeling_Math-master\dll2\calc2.cpp(502,16): warning C4101: 'x_n': unreferenced local variable
  calc3.cpp
C:\Users\somis\Downloads\ValueStreamModeling_Math-master1\ValueStreamModeling_Math-master\dll2\class_model.cpp(290,3): warning C4996: 'strcpy': This function or variable may be unsafe. Consider using strcpy_s instead. To disable deprecation, use _CRT_SECURE_NO_WARNINGS. See online help for details.
  (compiling source file 'calc3.cpp')
  
C:\Users\somis\Downloads\ValueStreamModeling_Math-master1\ValueStreamModeling_Math-master\dll2\class_model.cpp(176,2): warning C4996: 'sprintf': This function or variable may be unsafe. Consider using sprintf_s instead. To disable deprecation, use _CRT_SECURE_NO_WARNINGS. See online help for details.
  (compiling source file 'calc3.cpp')
  
C:\Users\somis\Downloads\ValueStreamModeling_Math-master1\ValueStreamModeling_Math-master\dll2\class_model.cpp(192,2): warning C4996: 'sprintf': This function or variable may be unsafe. Consider using sprintf_s instead. To disable deprecation, use _CRT_SECURE_NO_WARNINGS. See online help for details.
  (compiling source file 'calc3.cpp')
  
C:\Users\somis\Downloads\ValueStreamModeling_Math-master1\ValueStreamModeling_Math-master\dll2\class_model.cpp(358,9): warning C4101: 's0': unreferenced local variable
  (compiling source file 'calc3.cpp')
  
C:\Users\somis\Downloads\ValueStreamModeling_Math-master1\ValueStreamModeling_Math-master\dll2\class_model.cpp(370,9): warning C4101: 's0': unreferenced local variable
  (compiling source file 'calc3.cpp')
  
C:\Users\somis\Downloads\ValueStreamModeling_Math-master1\ValueStreamModeling_Math-master\dll2\class_model.cpp(394,9): warning C4101: 's1': unreferenced local variable
  (compiling source file 'calc3.cpp')
  
C:\Users\somis\Downloads\ValueStreamModeling_Math-master1\ValueStreamModeling_Math-master\dll2\class_model.cpp(442,3): warning C4996: 'strcpy': This function or variable may be unsafe. Consider using strcpy_s instead. To disable deprecation, use _CRT_SECURE_NO_WARNINGS. See online help for details.
  (compiling source file 'calc3.cpp')
  
C:\Users\somis\Downloads\ValueStreamModeling_Math-master1\ValueStreamModeling_Math-master\dll2\class_model.cpp(443,27): warning C4244: '=': conversion from 'double' to 'long', possible loss of data
  (compiling source file 'calc3.cpp')
  
C:\Users\somis\Downloads\ValueStreamModeling_Math-master1\ValueStreamModeling_Math-master\dll2\class_model.cpp(498,3): warning C4996: 'strcpy': This function or variable may be unsafe. Consider using strcpy_s instead. To disable deprecation, use _CRT_SECURE_NO_WARNINGS. See online help for details.
  (compiling source file 'calc3.cpp')
  
C:\Users\somis\Downloads\ValueStreamModeling_Math-master1\ValueStreamModeling_Math-master\dll2\class_model.cpp(541,3): warning C4996: 'strcpy': This function or variable may be unsafe. Consider using strcpy_s instead. To disable deprecation, use _CRT_SECURE_NO_WARNINGS. See online help for details.
  (compiling source file 'calc3.cpp')
  
C:\Users\somis\Downloads\ValueStreamModeling_Math-master1\ValueStreamModeling_Math-master\dll2\class_model.cpp(634,9): warning C4101: 's0': unreferenced local variable
  (compiling source file 'calc3.cpp')
  
C:\Users\somis\Downloads\ValueStreamModeling_Math-master1\ValueStreamModeling_Math-master\dll2\calc3.cpp(22,10): warning C4005: 'BUFLEN': macro redefinition
      C:\Users\somis\Downloads\ValueStreamModeling_Math-master1\ValueStreamModeling_Math-master\dll2\class_eq.h(11,11):
      see previous definition of 'BUFLEN'
  
C:\Users\somis\Downloads\ValueStreamModeling_Math-master1\ValueStreamModeling_Math-master\dll2\calc3.cpp(24,10): warning C4005: 'MESSAGE_SIZE': macro redefinition
      C:\Users\somis\Downloads\ValueStreamModeling_Math-master1\ValueStreamModeling_Math-master\dll2\class_eq.h(13,10):
      see previous definition of 'MESSAGE_SIZE'
  
C:\Users\somis\Downloads\ValueStreamModeling_Math-master1\ValueStreamModeling_Math-master\dll2\calc3.cpp(191,130): warning C4244: '+=': conversion from 'double' to 'float', possible loss of data
C:\Users\somis\Downloads\ValueStreamModeling_Math-master1\ValueStreamModeling_Math-master\dll2\calc3.cpp(262,135): warning C4244: '=': conversion from 'double' to 'float', possible loss of data
C:\Users\somis\Downloads\ValueStreamModeling_Math-master1\ValueStreamModeling_Math-master\dll2\calc3.cpp(309,17): warning C4244: '=': conversion from 'double' to 'float', possible loss of data
C:\Users\somis\Downloads\ValueStreamModeling_Math-master1\ValueStreamModeling_Math-master\dll2\calc3.cpp(315,10): warning C4244: '=': conversion from 'double' to 'float', possible loss of data
C:\Users\somis\Downloads\ValueStreamModeling_Math-master1\ValueStreamModeling_Math-master\dll2\calc3.cpp(316,18): warning C4244: '=': conversion from 'double' to 'float', possible loss of data
C:\Users\somis\Downloads\ValueStreamModeling_Math-master1\ValueStreamModeling_Math-master\dll2\calc3.cpp(318,15): warning C4244: '=': conversion from 'double' to 'float', possible loss of data
C:\Users\somis\Downloads\ValueStreamModeling_Math-master1\ValueStreamModeling_Math-master\dll2\calc3.cpp(381,30): warning C4244: '=': conversion from 'double' to 'float', possible loss of data
C:\Users\somis\Downloads\ValueStreamModeling_Math-master1\ValueStreamModeling_Math-master\dll2\calc3.cpp(413,38): warning C4244: '=': conversion from 'double' to 'float', possible loss of data
C:\Users\somis\Downloads\ValueStreamModeling_Math-master1\ValueStreamModeling_Math-master\dll2\calc3.cpp(424,68): warning C4244: '=': conversion from 'double' to 'float', possible loss of data
C:\Users\somis\Downloads\ValueStreamModeling_Math-master1\ValueStreamModeling_Math-master\dll2\calc3.cpp(431,30): warning C4244: '=': conversion from 'double' to 'float', possible loss of data
C:\Users\somis\Downloads\ValueStreamModeling_Math-master1\ValueStreamModeling_Math-master\dll2\calc3.cpp(432,79): warning C4244: '=': conversion from 'double' to 'float', possible loss of data
C:\Users\somis\Downloads\ValueStreamModeling_Math-master1\ValueStreamModeling_Math-master\dll2\calc3.cpp(453,53): warning C4244: '=': conversion from 'double' to 'float', possible loss of data
C:\Users\somis\Downloads\ValueStreamModeling_Math-master1\ValueStreamModeling_Math-master\dll2\calc3.cpp(203,16): warning C4996: 'sprintf': This function or variable may be unsafe. Consider using sprintf_s instead. To disable deprecation, use _CRT_SECURE_NO_WARNINGS. See online help for details.
C:\Users\somis\Downloads\ValueStreamModeling_Math-master1\ValueStreamModeling_Math-master\dll2\calc3.cpp(205,16): warning C4996: 'sprintf': This function or variable may be unsafe. Consider using sprintf_s instead. To disable deprecation, use _CRT_SECURE_NO_WARNINGS. See online help for details.
C:\Users\somis\Downloads\ValueStreamModeling_Math-master1\ValueStreamModeling_Math-master\dll2\calc3.cpp(359,17): warning C4996: 'sprintf': This function or variable may be unsafe. Consider using sprintf_s instead. To disable deprecation, use _CRT_SECURE_NO_WARNINGS. See online help for details.
C:\Users\somis\Downloads\ValueStreamModeling_Math-master1\ValueStreamModeling_Math-master\dll2\calc3.cpp(360,5): warning C4996: 'sprintf': This function or variable may be unsafe. Consider using sprintf_s instead. To disable deprecation, use _CRT_SECURE_NO_WARNINGS. See online help for details.
C:\Users\somis\Downloads\ValueStreamModeling_Math-master1\ValueStreamModeling_Math-master\dll2\calc3.cpp(434,25): warning C4996: 'sprintf': This function or variable may be unsafe. Consider using sprintf_s instead. To disable deprecation, use _CRT_SECURE_NO_WARNINGS. See online help for details.
C:\Users\somis\Downloads\ValueStreamModeling_Math-master1\ValueStreamModeling_Math-master\dll2\calc3.cpp(435,7): warning C4996: 'sprintf': This function or variable may be unsafe. Consider using sprintf_s instead. To disable deprecation, use _CRT_SECURE_NO_WARNINGS. See online help for details.
C:\Users\somis\Downloads\ValueStreamModeling_Math-master1\ValueStreamModeling_Math-master\dll2\calc3.cpp(447,17): warning C4996: 'sprintf': This function or variable may be unsafe. Consider using sprintf_s instead. To disable deprecation, use _CRT_SECURE_NO_WARNINGS. See online help for details.
C:\Users\somis\Downloads\ValueStreamModeling_Math-master1\ValueStreamModeling_Math-master\dll2\calc3.cpp(448,5): warning C4996: 'sprintf': This function or variable may be unsafe. Consider using sprintf_s instead. To disable deprecation, use _CRT_SECURE_NO_WARNINGS. See online help for details.
C:\Users\somis\Downloads\ValueStreamModeling_Math-master1\ValueStreamModeling_Math-master\dll2\calc3.cpp(455,17): warning C4996: 'sprintf': This function or variable may be unsafe. Consider using sprintf_s instead. To disable deprecation, use _CRT_SECURE_NO_WARNINGS. See online help for details.
C:\Users\somis\Downloads\ValueStreamModeling_Math-master1\ValueStreamModeling_Math-master\dll2\calc3.cpp(456,5): warning C4996: 'sprintf': This function or variable may be unsafe. Consider using sprintf_s instead. To disable deprecation, use _CRT_SECURE_NO_WARNINGS. See online help for details.
C:\Users\somis\Downloads\ValueStreamModeling_Math-master1\ValueStreamModeling_Math-master\dll2\calc3.cpp(476,16): warning C4996: 'sprintf': This function or variable may be unsafe. Consider using sprintf_s instead. To disable deprecation, use _CRT_SECURE_NO_WARNINGS. See online help for details.
C:\Users\somis\Downloads\ValueStreamModeling_Math-master1\ValueStreamModeling_Math-master\dll2\calc3.cpp(482,16): warning C4996: 'sprintf': This function or variable may be unsafe. Consider using sprintf_s instead. To disable deprecation, use _CRT_SECURE_NO_WARNINGS. See online help for details.
C:\Users\somis\Downloads\ValueStreamModeling_Math-master1\ValueStreamModeling_Math-master\dll2\calc3.cpp(514,17): warning C4996: 'sprintf': This function or variable may be unsafe. Consider using sprintf_s instead. To disable deprecation, use _CRT_SECURE_NO_WARNINGS. See online help for details.
C:\Users\somis\Downloads\ValueStreamModeling_Math-master1\ValueStreamModeling_Math-master\dll2\calc3.cpp(515,5): warning C4996: 'sprintf': This function or variable may be unsafe. Consider using sprintf_s instead. To disable deprecation, use _CRT_SECURE_NO_WARNINGS. See online help for details.
C:\Users\somis\Downloads\ValueStreamModeling_Math-master1\ValueStreamModeling_Math-master\dll2\calc3.cpp(66,1): warning C4102: 'mem_again': unreferenced label
  calc4.cpp
C:\Users\somis\Downloads\ValueStreamModeling_Math-master1\ValueStreamModeling_Math-master\dll2\class_model.cpp(290,3): warning C4996: 'strcpy': This function or variable may be unsafe. Consider using strcpy_s instead. To disable deprecation, use _CRT_SECURE_NO_WARNINGS. See online help for details.
  (compiling source file 'calc4.cpp')
  
C:\Users\somis\Downloads\ValueStreamModeling_Math-master1\ValueStreamModeling_Math-master\dll2\class_model.cpp(176,2): warning C4996: 'sprintf': This function or variable may be unsafe. Consider using sprintf_s instead. To disable deprecation, use _CRT_SECURE_NO_WARNINGS. See online help for details.
  (compiling source file 'calc4.cpp')
  
C:\Users\somis\Downloads\ValueStreamModeling_Math-master1\ValueStreamModeling_Math-master\dll2\class_model.cpp(192,2): warning C4996: 'sprintf': This function or variable may be unsafe. Consider using sprintf_s instead. To disable deprecation, use _CRT_SECURE_NO_WARNINGS. See online help for details.
  (compiling source file 'calc4.cpp')
  
C:\Users\somis\Downloads\ValueStreamModeling_Math-master1\ValueStreamModeling_Math-master\dll2\class_model.cpp(358,9): warning C4101: 's0': unreferenced local variable
  (compiling source file 'calc4.cpp')
  
C:\Users\somis\Downloads\ValueStreamModeling_Math-master1\ValueStreamModeling_Math-master\dll2\class_model.cpp(370,9): warning C4101: 's0': unreferenced local variable
  (compiling source file 'calc4.cpp')
  
C:\Users\somis\Downloads\ValueStreamModeling_Math-master1\ValueStreamModeling_Math-master\dll2\class_model.cpp(394,9): warning C4101: 's1': unreferenced local variable
  (compiling source file 'calc4.cpp')
  
C:\Users\somis\Downloads\ValueStreamModeling_Math-master1\ValueStreamModeling_Math-master\dll2\class_model.cpp(442,3): warning C4996: 'strcpy': This function or variable may be unsafe. Consider using strcpy_s instead. To disable deprecation, use _CRT_SECURE_NO_WARNINGS. See online help for details.
  (compiling source file 'calc4.cpp')
  
C:\Users\somis\Downloads\ValueStreamModeling_Math-master1\ValueStreamModeling_Math-master\dll2\class_model.cpp(443,27): warning C4244: '=': conversion from 'double' to 'long', possible loss of data
  (compiling source file 'calc4.cpp')
  
C:\Users\somis\Downloads\ValueStreamModeling_Math-master1\ValueStreamModeling_Math-master\dll2\class_model.cpp(498,3): warning C4996: 'strcpy': This function or variable may be unsafe. Consider using strcpy_s instead. To disable deprecation, use _CRT_SECURE_NO_WARNINGS. See online help for details.
  (compiling source file 'calc4.cpp')
  
C:\Users\somis\Downloads\ValueStreamModeling_Math-master1\ValueStreamModeling_Math-master\dll2\class_model.cpp(541,3): warning C4996: 'strcpy': This function or variable may be unsafe. Consider using strcpy_s instead. To disable deprecation, use _CRT_SECURE_NO_WARNINGS. See online help for details.
  (compiling source file 'calc4.cpp')
  
C:\Users\somis\Downloads\ValueStreamModeling_Math-master1\ValueStreamModeling_Math-master\dll2\class_model.cpp(634,9): warning C4101: 's0': unreferenced local variable
  (compiling source file 'calc4.cpp')
  
C:\Users\somis\Downloads\ValueStreamModeling_Math-master1\ValueStreamModeling_Math-master\dll2\calc4.cpp(23,10): warning C4005: 'MESSAGE_SIZE': macro redefinition
      C:\Users\somis\Downloads\ValueStreamModeling_Math-master1\ValueStreamModeling_Math-master\dll2\class_eq.h(13,10):
      see previous definition of 'MESSAGE_SIZE'
  
C:\Users\somis\Downloads\ValueStreamModeling_Math-master1\ValueStreamModeling_Math-master\dll2\calc4.cpp(86,42): warning C4244: '=': conversion from 'double' to 'float', possible loss of data
C:\Users\somis\Downloads\ValueStreamModeling_Math-master1\ValueStreamModeling_Math-master\dll2\calc4.cpp(87,28): warning C4244: '=': conversion from 'double' to 'float', possible loss of data
C:\Users\somis\Downloads\ValueStreamModeling_Math-master1\ValueStreamModeling_Math-master\dll2\calc4.cpp(88,41): warning C4244: '=': conversion from 'double' to 'float', possible loss of data
C:\Users\somis\Downloads\ValueStreamModeling_Math-master1\ValueStreamModeling_Math-master\dll2\calc4.cpp(90,48): warning C4244: '=': conversion from 'double' to 'float', possible loss of data
C:\Users\somis\Downloads\ValueStreamModeling_Math-master1\ValueStreamModeling_Math-master\dll2\calc4.cpp(91,56): warning C4244: '=': conversion from 'double' to 'float', possible loss of data
C:\Users\somis\Downloads\ValueStreamModeling_Math-master1\ValueStreamModeling_Math-master\dll2\calc4.cpp(97,53): warning C4244: '=': conversion from 'double' to 'float', possible loss of data
C:\Users\somis\Downloads\ValueStreamModeling_Math-master1\ValueStreamModeling_Math-master\dll2\calc4.cpp(106,75): warning C4244: '=': conversion from 'double' to 'float', possible loss of data
C:\Users\somis\Downloads\ValueStreamModeling_Math-master1\ValueStreamModeling_Math-master\dll2\calc4.cpp(130,8): warning C4101: 'buf1': unreferenced local variable
C:\Users\somis\Downloads\ValueStreamModeling_Math-master1\ValueStreamModeling_Math-master\dll2\calc4.cpp(134,7): warning C4101: 'i': unreferenced local variable
C:\Users\somis\Downloads\ValueStreamModeling_Math-master1\ValueStreamModeling_Math-master\dll2\calc4.cpp(203,3): warning C4996: 'strcpy': This function or variable may be unsafe. Consider using strcpy_s instead. To disable deprecation, use _CRT_SECURE_NO_WARNINGS. See online help for details.
C:\Users\somis\Downloads\ValueStreamModeling_Math-master1\ValueStreamModeling_Math-master\dll2\calc4.cpp(206,3): warning C4996: 'strcpy': This function or variable may be unsafe. Consider using strcpy_s instead. To disable deprecation, use _CRT_SECURE_NO_WARNINGS. See online help for details.
C:\Users\somis\Downloads\ValueStreamModeling_Math-master1\ValueStreamModeling_Math-master\dll2\calc4.cpp(222,39): warning C4244: '=': conversion from 'double' to 'float', possible loss of data
C:\Users\somis\Downloads\ValueStreamModeling_Math-master1\ValueStreamModeling_Math-master\dll2\calc4.cpp(225,53): warning C4244: '=': conversion from 'double' to 'float', possible loss of data
C:\Users\somis\Downloads\ValueStreamModeling_Math-master1\ValueStreamModeling_Math-master\dll2\calc4.cpp(197,7): warning C4101: 'i': unreferenced local variable
C:\Users\somis\Downloads\ValueStreamModeling_Math-master1\ValueStreamModeling_Math-master\dll2\calc4.cpp(271,37): warning C4244: '=': conversion from 'double' to 'float', possible loss of data
C:\Users\somis\Downloads\ValueStreamModeling_Math-master1\ValueStreamModeling_Math-master\dll2\calc4.cpp(248,7): warning C4101: 'i': unreferenced local variable
  calc5.cpp
C:\Users\somis\Downloads\ValueStreamModeling_Math-master1\ValueStreamModeling_Math-master\dll2\class_model.cpp(290,3): warning C4996: 'strcpy': This function or variable may be unsafe. Consider using strcpy_s instead. To disable deprecation, use _CRT_SECURE_NO_WARNINGS. See online help for details.
  (compiling source file 'calc5.cpp')
  
C:\Users\somis\Downloads\ValueStreamModeling_Math-master1\ValueStreamModeling_Math-master\dll2\class_model.cpp(176,2): warning C4996: 'sprintf': This function or variable may be unsafe. Consider using sprintf_s instead. To disable deprecation, use _CRT_SECURE_NO_WARNINGS. See online help for details.
  (compiling source file 'calc5.cpp')
  
C:\Users\somis\Downloads\ValueStreamModeling_Math-master1\ValueStreamModeling_Math-master\dll2\class_model.cpp(192,2): warning C4996: 'sprintf': This function or variable may be unsafe. Consider using sprintf_s instead. To disable deprecation, use _CRT_SECURE_NO_WARNINGS. See online help for details.
  (compiling source file 'calc5.cpp')
  
C:\Users\somis\Downloads\ValueStreamModeling_Math-master1\ValueStreamModeling_Math-master\dll2\class_model.cpp(358,9): warning C4101: 's0': unreferenced local variable
  (compiling source file 'calc5.cpp')
  
C:\Users\somis\Downloads\ValueStreamModeling_Math-master1\ValueStreamModeling_Math-master\dll2\class_model.cpp(370,9): warning C4101: 's0': unreferenced local variable
  (compiling source file 'calc5.cpp')
  
C:\Users\somis\Downloads\ValueStreamModeling_Math-master1\ValueStreamModeling_Math-master\dll2\class_model.cpp(394,9): warning C4101: 's1': unreferenced local variable
  (compiling source file 'calc5.cpp')
  
C:\Users\somis\Downloads\ValueStreamModeling_Math-master1\ValueStreamModeling_Math-master\dll2\class_model.cpp(442,3): warning C4996: 'strcpy': This function or variable may be unsafe. Consider using strcpy_s instead. To disable deprecation, use _CRT_SECURE_NO_WARNINGS. See online help for details.
  (compiling source file 'calc5.cpp')
  
C:\Users\somis\Downloads\ValueStreamModeling_Math-master1\ValueStreamModeling_Math-master\dll2\class_model.cpp(443,27): warning C4244: '=': conversion from 'double' to 'long', possible loss of data
  (compiling source file 'calc5.cpp')
  
C:\Users\somis\Downloads\ValueStreamModeling_Math-master1\ValueStreamModeling_Math-master\dll2\class_model.cpp(498,3): warning C4996: 'strcpy': This function or variable may be unsafe. Consider using strcpy_s instead. To disable deprecation, use _CRT_SECURE_NO_WARNINGS. See online help for details.
  (compiling source file 'calc5.cpp')
  
C:\Users\somis\Downloads\ValueStreamModeling_Math-master1\ValueStreamModeling_Math-master\dll2\class_model.cpp(541,3): warning C4996: 'strcpy': This function or variable may be unsafe. Consider using strcpy_s instead. To disable deprecation, use _CRT_SECURE_NO_WARNINGS. See online help for details.
  (compiling source file 'calc5.cpp')
  
C:\Users\somis\Downloads\ValueStreamModeling_Math-master1\ValueStreamModeling_Math-master\dll2\class_model.cpp(634,9): warning C4101: 's0': unreferenced local variable
  (compiling source file 'calc5.cpp')
  
C:\Users\somis\Downloads\ValueStreamModeling_Math-master1\ValueStreamModeling_Math-master\dll2\calc5.cpp(40,35): warning C4244: '=': conversion from 'double' to 'float', possible loss of data
C:\Users\somis\Downloads\ValueStreamModeling_Math-master1\ValueStreamModeling_Math-master\dll2\calc5.cpp(41,35): warning C4244: '=': conversion from 'double' to 'float', possible loss of data
C:\Users\somis\Downloads\ValueStreamModeling_Math-master1\ValueStreamModeling_Math-master\dll2\calc5.cpp(203,32): warning C4805: '==': unsafe mix of type 'int' and type 'bool' in operation
C:\Users\somis\Downloads\ValueStreamModeling_Math-master1\ValueStreamModeling_Math-master\dll2\calc5.cpp(284,32): warning C4805: '==': unsafe mix of type 'int' and type 'bool' in operation
C:\Users\somis\Downloads\ValueStreamModeling_Math-master1\ValueStreamModeling_Math-master\dll2\calc5.cpp(301,32): warning C4805: '==': unsafe mix of type 'int' and type 'bool' in operation
C:\Users\somis\Downloads\ValueStreamModeling_Math-master1\ValueStreamModeling_Math-master\dll2\calc5.cpp(366,17): warning C4996: 'strcpy': This function or variable may be unsafe. Consider using strcpy_s instead. To disable deprecation, use _CRT_SECURE_NO_WARNINGS. See online help for details.
C:\Users\somis\Downloads\ValueStreamModeling_Math-master1\ValueStreamModeling_Math-master\dll2\calc5.cpp(393,15): warning C4996: 'strcpy': This function or variable may be unsafe. Consider using strcpy_s instead. To disable deprecation, use _CRT_SECURE_NO_WARNINGS. See online help for details.
C:\Users\somis\Downloads\ValueStreamModeling_Math-master1\ValueStreamModeling_Math-master\dll2\calc5.cpp(428,36): warning C4996: 'strcat': This function or variable may be unsafe. Consider using strcat_s instead. To disable deprecation, use _CRT_SECURE_NO_WARNINGS. See online help for details.
C:\Users\somis\Downloads\ValueStreamModeling_Math-master1\ValueStreamModeling_Math-master\dll2\calc5.cpp(429,36): warning C4996: 'strcpy': This function or variable may be unsafe. Consider using strcpy_s instead. To disable deprecation, use _CRT_SECURE_NO_WARNINGS. See online help for details.
C:\Users\somis\Downloads\ValueStreamModeling_Math-master1\ValueStreamModeling_Math-master\dll2\calc5.cpp(476,60): warning C4244: '*=': conversion from 'double' to 'float', possible loss of data
C:\Users\somis\Downloads\ValueStreamModeling_Math-master1\ValueStreamModeling_Math-master\dll2\calc5.cpp(503,41): warning C4244: '=': conversion from 'double' to 'float', possible loss of data
C:\Users\somis\Downloads\ValueStreamModeling_Math-master1\ValueStreamModeling_Math-master\dll2\calc5.cpp(547,15): warning C4996: 'strcpy': This function or variable may be unsafe. Consider using strcpy_s instead. To disable deprecation, use _CRT_SECURE_NO_WARNINGS. See online help for details.
C:\Users\somis\Downloads\ValueStreamModeling_Math-master1\ValueStreamModeling_Math-master\dll2\calc5.cpp(200,3): warning C4996: 'sprintf': This function or variable may be unsafe. Consider using sprintf_s instead. To disable deprecation, use _CRT_SECURE_NO_WARNINGS. See online help for details.
C:\Users\somis\Downloads\ValueStreamModeling_Math-master1\ValueStreamModeling_Math-master\dll2\calc5.cpp(225,3): warning C4996: 'sprintf': This function or variable may be unsafe. Consider using sprintf_s instead. To disable deprecation, use _CRT_SECURE_NO_WARNINGS. See online help for details.
C:\Users\somis\Downloads\ValueStreamModeling_Math-master1\ValueStreamModeling_Math-master\dll2\calc5.cpp(242,3): warning C4996: 'sprintf': This function or variable may be unsafe. Consider using sprintf_s instead. To disable deprecation, use _CRT_SECURE_NO_WARNINGS. See online help for details.
C:\Users\somis\Downloads\ValueStreamModeling_Math-master1\ValueStreamModeling_Math-master\dll2\calc5.cpp(260,6): warning C4996: 'sprintf': This function or variable may be unsafe. Consider using sprintf_s instead. To disable deprecation, use _CRT_SECURE_NO_WARNINGS. See online help for details.
C:\Users\somis\Downloads\ValueStreamModeling_Math-master1\ValueStreamModeling_Math-master\dll2\calc5.cpp(281,3): warning C4996: 'sprintf': This function or variable may be unsafe. Consider using sprintf_s instead. To disable deprecation, use _CRT_SECURE_NO_WARNINGS. See online help for details.
C:\Users\somis\Downloads\ValueStreamModeling_Math-master1\ValueStreamModeling_Math-master\dll2\calc5.cpp(285,5): warning C4996: 'sprintf': This function or variable may be unsafe. Consider using sprintf_s instead. To disable deprecation, use _CRT_SECURE_NO_WARNINGS. See online help for details.
C:\Users\somis\Downloads\ValueStreamModeling_Math-master1\ValueStreamModeling_Math-master\dll2\calc5.cpp(293,5): warning C4996: 'sprintf': This function or variable may be unsafe. Consider using sprintf_s instead. To disable deprecation, use _CRT_SECURE_NO_WARNINGS. See online help for details.
C:\Users\somis\Downloads\ValueStreamModeling_Math-master1\ValueStreamModeling_Math-master\dll2\calc5.cpp(297,11): warning C4996: 'sprintf': This function or variable may be unsafe. Consider using sprintf_s instead. To disable deprecation, use _CRT_SECURE_NO_WARNINGS. See online help for details.
C:\Users\somis\Downloads\ValueStreamModeling_Math-master1\ValueStreamModeling_Math-master\dll2\calc5.cpp(350,11): warning C4996: 'sprintf': This function or variable may be unsafe. Consider using sprintf_s instead. To disable deprecation, use _CRT_SECURE_NO_WARNINGS. See online help for details.
C:\Users\somis\Downloads\ValueStreamModeling_Math-master1\ValueStreamModeling_Math-master\dll2\calc5.cpp(379,5): warning C4996: 'sprintf': This function or variable may be unsafe. Consider using sprintf_s instead. To disable deprecation, use _CRT_SECURE_NO_WARNINGS. See online help for details.
C:\Users\somis\Downloads\ValueStreamModeling_Math-master1\ValueStreamModeling_Math-master\dll2\calc5.cpp(399,9): warning C4996: 'sprintf': This function or variable may be unsafe. Consider using sprintf_s instead. To disable deprecation, use _CRT_SECURE_NO_WARNINGS. See online help for details.
C:\Users\somis\Downloads\ValueStreamModeling_Math-master1\ValueStreamModeling_Math-master\dll2\calc5.cpp(414,7): warning C4996: 'sprintf': This function or variable may be unsafe. Consider using sprintf_s instead. To disable deprecation, use _CRT_SECURE_NO_WARNINGS. See online help for details.
C:\Users\somis\Downloads\ValueStreamModeling_Math-master1\ValueStreamModeling_Math-master\dll2\calc5.cpp(461,6): warning C4996: 'sprintf': This function or variable may be unsafe. Consider using sprintf_s instead. To disable deprecation, use _CRT_SECURE_NO_WARNINGS. See online help for details.
C:\Users\somis\Downloads\ValueStreamModeling_Math-master1\ValueStreamModeling_Math-master\dll2\calc5.cpp(130,1): warning C4102: 'restart1': unreferenced label
C:\Users\somis\Downloads\ValueStreamModeling_Math-master1\ValueStreamModeling_Math-master\dll2\calc5.cpp(245,1): warning C4102: 'mem_again': unreferenced label
C:\Users\somis\Downloads\ValueStreamModeling_Math-master1\ValueStreamModeling_Math-master\dll2\calc5.cpp(758,9): warning C4996: 'strcpy': This function or variable may be unsafe. Consider using strcpy_s instead. To disable deprecation, use _CRT_SECURE_NO_WARNINGS. See online help for details.
C:\Users\somis\Downloads\ValueStreamModeling_Math-master1\ValueStreamModeling_Math-master\dll2\calc5.cpp(785,17): warning C4996: 'strcpy': This function or variable may be unsafe. Consider using strcpy_s instead. To disable deprecation, use _CRT_SECURE_NO_WARNINGS. See online help for details.
C:\Users\somis\Downloads\ValueStreamModeling_Math-master1\ValueStreamModeling_Math-master\dll2\calc5.cpp(796,9): warning C4996: 'strcpy': This function or variable may be unsafe. Consider using strcpy_s instead. To disable deprecation, use _CRT_SECURE_NO_WARNINGS. See online help for details.
C:\Users\somis\Downloads\ValueStreamModeling_Math-master1\ValueStreamModeling_Math-master\dll2\calc5.cpp(810,9): warning C4996: 'strcpy': This function or variable may be unsafe. Consider using strcpy_s instead. To disable deprecation, use _CRT_SECURE_NO_WARNINGS. See online help for details.
C:\Users\somis\Downloads\ValueStreamModeling_Math-master1\ValueStreamModeling_Math-master\dll2\calc5.cpp(817,9): warning C4996: 'strcpy': This function or variable may be unsafe. Consider using strcpy_s instead. To disable deprecation, use _CRT_SECURE_NO_WARNINGS. See online help for details.
C:\Users\somis\Downloads\ValueStreamModeling_Math-master1\ValueStreamModeling_Math-master\dll2\calc5.cpp(847,33): warning C4996: 'strcpy': This function or variable may be unsafe. Consider using strcpy_s instead. To disable deprecation, use _CRT_SECURE_NO_WARNINGS. See online help for details.
C:\Users\somis\Downloads\ValueStreamModeling_Math-master1\ValueStreamModeling_Math-master\dll2\calc5.cpp(861,33): warning C4996: 'strcpy': This function or variable may be unsafe. Consider using strcpy_s instead. To disable deprecation, use _CRT_SECURE_NO_WARNINGS. See online help for details.
C:\Users\somis\Downloads\ValueStreamModeling_Math-master1\ValueStreamModeling_Math-master\dll2\calc5.cpp(881,25): warning C4996: 'strcpy': This function or variable may be unsafe. Consider using strcpy_s instead. To disable deprecation, use _CRT_SECURE_NO_WARNINGS. See online help for details.
C:\Users\somis\Downloads\ValueStreamModeling_Math-master1\ValueStreamModeling_Math-master\dll2\calc5.cpp(890,25): warning C4996: 'strcpy': This function or variable may be unsafe. Consider using strcpy_s instead. To disable deprecation, use _CRT_SECURE_NO_WARNINGS. See online help for details.
C:\Users\somis\Downloads\ValueStreamModeling_Math-master1\ValueStreamModeling_Math-master\dll2\calc5.cpp(938,17): warning C4996: 'strcpy': This function or variable may be unsafe. Consider using strcpy_s instead. To disable deprecation, use _CRT_SECURE_NO_WARNINGS. See online help for details.
C:\Users\somis\Downloads\ValueStreamModeling_Math-master1\ValueStreamModeling_Math-master\dll2\calc5.cpp(953,17): warning C4996: 'strcpy': This function or variable may be unsafe. Consider using strcpy_s instead. To disable deprecation, use _CRT_SECURE_NO_WARNINGS. See online help for details.
C:\Users\somis\Downloads\ValueStreamModeling_Math-master1\ValueStreamModeling_Math-master\dll2\calc5.cpp(731,23): warning C4101: 'prev_op': unreferenced local variable
C:\Users\somis\Downloads\ValueStreamModeling_Math-master1\ValueStreamModeling_Math-master\dll2\calc5.cpp(975,8): warning C4101: 's0': unreferenced local variable
C:\Users\somis\Downloads\ValueStreamModeling_Math-master1\ValueStreamModeling_Math-master\dll2\calc5.cpp(973,23): warning C4101: 'next_op': unreferenced local variable
C:\Users\somis\Downloads\ValueStreamModeling_Math-master1\ValueStreamModeling_Math-master\dll2\calc5.cpp(999,4): warning C4996: 'strcpy': This function or variable may be unsafe. Consider using strcpy_s instead. To disable deprecation, use _CRT_SECURE_NO_WARNINGS. See online help for details.
C:\Users\somis\Downloads\ValueStreamModeling_Math-master1\ValueStreamModeling_Math-master\dll2\calc5.cpp(1002,7): warning C4996: 'strcpy': This function or variable may be unsafe. Consider using strcpy_s instead. To disable deprecation, use _CRT_SECURE_NO_WARNINGS. See online help for details.
C:\Users\somis\Downloads\ValueStreamModeling_Math-master1\ValueStreamModeling_Math-master\dll2\calc5.cpp(1076,61): warning C4244: '+=': conversion from 'double' to 'float', possible loss of data
C:\Users\somis\Downloads\ValueStreamModeling_Math-master1\ValueStreamModeling_Math-master\dll2\calc5.cpp(1048,21): warning C4996: 'sprintf': This function or variable may be unsafe. Consider using sprintf_s instead. To disable deprecation, use _CRT_SECURE_NO_WARNINGS. See online help for details.
C:\Users\somis\Downloads\ValueStreamModeling_Math-master1\ValueStreamModeling_Math-master\dll2\calc5.cpp(1049,23): warning C4996: 'sprintf': This function or variable may be unsafe. Consider using sprintf_s instead. To disable deprecation, use _CRT_SECURE_NO_WARNINGS. See online help for details.
C:\Users\somis\Downloads\ValueStreamModeling_Math-master1\ValueStreamModeling_Math-master\dll2\calc5.cpp(1104,25): warning C4996: 'sprintf': This function or variable may be unsafe. Consider using sprintf_s instead. To disable deprecation, use _CRT_SECURE_NO_WARNINGS. See online help for details.
C:\Users\somis\Downloads\ValueStreamModeling_Math-master1\ValueStreamModeling_Math-master\dll2\calc5.cpp(1105,24): warning C4996: 'sprintf': This function or variable may be unsafe. Consider using sprintf_s instead. To disable deprecation, use _CRT_SECURE_NO_WARNINGS. See online help for details.
C:\Users\somis\Downloads\ValueStreamModeling_Math-master1\ValueStreamModeling_Math-master\dll2\calc5.cpp(1024,8): warning C4101: 'buf3': unreferenced local variable
C:\Users\somis\Downloads\ValueStreamModeling_Math-master1\ValueStreamModeling_Math-master\dll2\calc5.cpp(1134,34): warning C4244: '=': conversion from 'double' to 'float', possible loss of data
C:\Users\somis\Downloads\ValueStreamModeling_Math-master1\ValueStreamModeling_Math-master\dll2\calc5.cpp(1147,49): warning C4996: 'strcpy': This function or variable may be unsafe. Consider using strcpy_s instead. To disable deprecation, use _CRT_SECURE_NO_WARNINGS. See online help for details.
  calc6.cpp
C:\Users\somis\Downloads\ValueStreamModeling_Math-master1\ValueStreamModeling_Math-master\dll2\calc6.cpp(55,35): warning C4244: '=': conversion from 'double' to 'float', possible loss of data
C:\Users\somis\Downloads\ValueStreamModeling_Math-master1\ValueStreamModeling_Math-master\dll2\calc6.cpp(98,19): warning C4244: '=': conversion from 'double' to 'float', possible loss of data
C:\Users\somis\Downloads\ValueStreamModeling_Math-master1\ValueStreamModeling_Math-master\dll2\calc6.cpp(187,1): warning C4102: 'er3': unreferenced label
  calc7.cpp
C:\Users\somis\Downloads\ValueStreamModeling_Math-master1\ValueStreamModeling_Math-master\dll2\class_model.cpp(290,3): warning C4996: 'strcpy': This function or variable may be unsafe. Consider using strcpy_s instead. To disable deprecation, use _CRT_SECURE_NO_WARNINGS. See online help for details.
  (compiling source file 'calc7.cpp')
  
C:\Users\somis\Downloads\ValueStreamModeling_Math-master1\ValueStreamModeling_Math-master\dll2\class_model.cpp(176,2): warning C4996: 'sprintf': This function or variable may be unsafe. Consider using sprintf_s instead. To disable deprecation, use _CRT_SECURE_NO_WARNINGS. See online help for details.
  (compiling source file 'calc7.cpp')
  
C:\Users\somis\Downloads\ValueStreamModeling_Math-master1\ValueStreamModeling_Math-master\dll2\class_model.cpp(192,2): warning C4996: 'sprintf': This function or variable may be unsafe. Consider using sprintf_s instead. To disable deprecation, use _CRT_SECURE_NO_WARNINGS. See online help for details.
  (compiling source file 'calc7.cpp')
  
C:\Users\somis\Downloads\ValueStreamModeling_Math-master1\ValueStreamModeling_Math-master\dll2\class_model.cpp(358,9): warning C4101: 's0': unreferenced local variable
  (compiling source file 'calc7.cpp')
  
C:\Users\somis\Downloads\ValueStreamModeling_Math-master1\ValueStreamModeling_Math-master\dll2\class_model.cpp(370,9): warning C4101: 's0': unreferenced local variable
  (compiling source file 'calc7.cpp')
  
C:\Users\somis\Downloads\ValueStreamModeling_Math-master1\ValueStreamModeling_Math-master\dll2\class_model.cpp(394,9): warning C4101: 's1': unreferenced local variable
  (compiling source file 'calc7.cpp')
  
C:\Users\somis\Downloads\ValueStreamModeling_Math-master1\ValueStreamModeling_Math-master\dll2\class_model.cpp(442,3): warning C4996: 'strcpy': This function or variable may be unsafe. Consider using strcpy_s instead. To disable deprecation, use _CRT_SECURE_NO_WARNINGS. See online help for details.
  (compiling source file 'calc7.cpp')
  
C:\Users\somis\Downloads\ValueStreamModeling_Math-master1\ValueStreamModeling_Math-master\dll2\class_model.cpp(443,27): warning C4244: '=': conversion from 'double' to 'long', possible loss of data
  (compiling source file 'calc7.cpp')
  
C:\Users\somis\Downloads\ValueStreamModeling_Math-master1\ValueStreamModeling_Math-master\dll2\class_model.cpp(498,3): warning C4996: 'strcpy': This function or variable may be unsafe. Consider using strcpy_s instead. To disable deprecation, use _CRT_SECURE_NO_WARNINGS. See online help for details.
  (compiling source file 'calc7.cpp')
  
C:\Users\somis\Downloads\ValueStreamModeling_Math-master1\ValueStreamModeling_Math-master\dll2\class_model.cpp(541,3): warning C4996: 'strcpy': This function or variable may be unsafe. Consider using strcpy_s instead. To disable deprecation, use _CRT_SECURE_NO_WARNINGS. See online help for details.
  (compiling source file 'calc7.cpp')
  
C:\Users\somis\Downloads\ValueStreamModeling_Math-master1\ValueStreamModeling_Math-master\dll2\class_model.cpp(634,9): warning C4101: 's0': unreferenced local variable
  (compiling source file 'calc7.cpp')
  
C:\Users\somis\Downloads\ValueStreamModeling_Math-master1\ValueStreamModeling_Math-master\dll2\calc7.cpp(48,57): warning C4244: '=': conversion from 'double' to 'int', possible loss of data
C:\Users\somis\Downloads\ValueStreamModeling_Math-master1\ValueStreamModeling_Math-master\dll2\calc7.cpp(70,38): warning C4244: '=': conversion from 'double' to 'float', possible loss of data
C:\Users\somis\Downloads\ValueStreamModeling_Math-master1\ValueStreamModeling_Math-master\dll2\calc7.cpp(72,38): warning C4244: '=': conversion from 'double' to 'float', possible loss of data
C:\Users\somis\Downloads\ValueStreamModeling_Math-master1\ValueStreamModeling_Math-master\dll2\calc7.cpp(73,98): warning C4244: '=': conversion from 'double' to 'float', possible loss of data
C:\Users\somis\Downloads\ValueStreamModeling_Math-master1\ValueStreamModeling_Math-master\dll2\calc7.cpp(74,92): warning C4244: '=': conversion from 'double' to 'float', possible loss of data
C:\Users\somis\Downloads\ValueStreamModeling_Math-master1\ValueStreamModeling_Math-master\dll2\calc7.cpp(87,57): warning C4244: '=': conversion from 'double' to 'int', possible loss of data
C:\Users\somis\Downloads\ValueStreamModeling_Math-master1\ValueStreamModeling_Math-master\dll2\calc7.cpp(103,38): warning C4244: '=': conversion from 'double' to 'float', possible loss of data
C:\Users\somis\Downloads\ValueStreamModeling_Math-master1\ValueStreamModeling_Math-master\dll2\calc7.cpp(105,38): warning C4244: '=': conversion from 'double' to 'float', possible loss of data
C:\Users\somis\Downloads\ValueStreamModeling_Math-master1\ValueStreamModeling_Math-master\dll2\calc7.cpp(106,98): warning C4244: '=': conversion from 'double' to 'float', possible loss of data
C:\Users\somis\Downloads\ValueStreamModeling_Math-master1\ValueStreamModeling_Math-master\dll2\calc7.cpp(107,92): warning C4244: '=': conversion from 'double' to 'float', possible loss of data
C:\Users\somis\Downloads\ValueStreamModeling_Math-master1\ValueStreamModeling_Math-master\dll2\calc7.cpp(115,9): warning C4996: 'sprintf': This function or variable may be unsafe. Consider using sprintf_s instead. To disable deprecation, use _CRT_SECURE_NO_WARNINGS. See online help for details.
C:\Users\somis\Downloads\ValueStreamModeling_Math-master1\ValueStreamModeling_Math-master\dll2\calc7.cpp(118,9): warning C4996: 'sprintf': This function or variable may be unsafe. Consider using sprintf_s instead. To disable deprecation, use _CRT_SECURE_NO_WARNINGS. See online help for details.
C:\Users\somis\Downloads\ValueStreamModeling_Math-master1\ValueStreamModeling_Math-master\dll2\calc7.cpp(28,7): warning C4101: 'i': unreferenced local variable
C:\Users\somis\Downloads\ValueStreamModeling_Math-master1\ValueStreamModeling_Math-master\dll2\calc7.cpp(24,35): warning C4101: 'v1': unreferenced local variable
C:\Users\somis\Downloads\ValueStreamModeling_Math-master1\ValueStreamModeling_Math-master\dll2\calc7.cpp(176,57): warning C4244: '=': conversion from 'double' to 'int', possible loss of data
C:\Users\somis\Downloads\ValueStreamModeling_Math-master1\ValueStreamModeling_Math-master\dll2\calc7.cpp(194,38): warning C4244: '=': conversion from 'double' to 'float', possible loss of data
C:\Users\somis\Downloads\ValueStreamModeling_Math-master1\ValueStreamModeling_Math-master\dll2\calc7.cpp(196,38): warning C4244: '=': conversion from 'double' to 'float', possible loss of data
C:\Users\somis\Downloads\ValueStreamModeling_Math-master1\ValueStreamModeling_Math-master\dll2\calc7.cpp(197,98): warning C4244: '=': conversion from 'double' to 'float', possible loss of data
C:\Users\somis\Downloads\ValueStreamModeling_Math-master1\ValueStreamModeling_Math-master\dll2\calc7.cpp(198,92): warning C4244: '=': conversion from 'double' to 'float', possible loss of data
C:\Users\somis\Downloads\ValueStreamModeling_Math-master1\ValueStreamModeling_Math-master\dll2\calc7.cpp(163,17): warning C4996: 'sprintf': This function or variable may be unsafe. Consider using sprintf_s instead. To disable deprecation, use _CRT_SECURE_NO_WARNINGS. See online help for details.
C:\Users\somis\Downloads\ValueStreamModeling_Math-master1\ValueStreamModeling_Math-master\dll2\calc7.cpp(171,1): warning C4102: 'restart1': unreferenced label
C:\Users\somis\Downloads\ValueStreamModeling_Math-master1\ValueStreamModeling_Math-master\dll2\calc7.cpp(143,7): warning C4101: 'i': unreferenced local variable
  calc8.cpp
C:\Users\somis\Downloads\ValueStreamModeling_Math-master1\ValueStreamModeling_Math-master\dll2\class_model.cpp(290,3): warning C4996: 'strcpy': This function or variable may be unsafe. Consider using strcpy_s instead. To disable deprecation, use _CRT_SECURE_NO_WARNINGS. See online help for details.
  (compiling source file 'calc8.cpp')
  
C:\Users\somis\Downloads\ValueStreamModeling_Math-master1\ValueStreamModeling_Math-master\dll2\class_model.cpp(176,2): warning C4996: 'sprintf': This function or variable may be unsafe. Consider using sprintf_s instead. To disable deprecation, use _CRT_SECURE_NO_WARNINGS. See online help for details.
  (compiling source file 'calc8.cpp')
  
C:\Users\somis\Downloads\ValueStreamModeling_Math-master1\ValueStreamModeling_Math-master\dll2\class_model.cpp(192,2): warning C4996: 'sprintf': This function or variable may be unsafe. Consider using sprintf_s instead. To disable deprecation, use _CRT_SECURE_NO_WARNINGS. See online help for details.
  (compiling source file 'calc8.cpp')
  
C:\Users\somis\Downloads\ValueStreamModeling_Math-master1\ValueStreamModeling_Math-master\dll2\class_model.cpp(358,9): warning C4101: 's0': unreferenced local variable
  (compiling source file 'calc8.cpp')
  
C:\Users\somis\Downloads\ValueStreamModeling_Math-master1\ValueStreamModeling_Math-master\dll2\class_model.cpp(370,9): warning C4101: 's0': unreferenced local variable
  (compiling source file 'calc8.cpp')
  
C:\Users\somis\Downloads\ValueStreamModeling_Math-master1\ValueStreamModeling_Math-master\dll2\class_model.cpp(394,9): warning C4101: 's1': unreferenced local variable
  (compiling source file 'calc8.cpp')
  
C:\Users\somis\Downloads\ValueStreamModeling_Math-master1\ValueStreamModeling_Math-master\dll2\class_model.cpp(442,3): warning C4996: 'strcpy': This function or variable may be unsafe. Consider using strcpy_s instead. To disable deprecation, use _CRT_SECURE_NO_WARNINGS. See online help for details.
  (compiling source file 'calc8.cpp')
  
C:\Users\somis\Downloads\ValueStreamModeling_Math-master1\ValueStreamModeling_Math-master\dll2\class_model.cpp(443,27): warning C4244: '=': conversion from 'double' to 'long', possible loss of data
  (compiling source file 'calc8.cpp')
  
C:\Users\somis\Downloads\ValueStreamModeling_Math-master1\ValueStreamModeling_Math-master\dll2\class_model.cpp(498,3): warning C4996: 'strcpy': This function or variable may be unsafe. Consider using strcpy_s instead. To disable deprecation, use _CRT_SECURE_NO_WARNINGS. See online help for details.
  (compiling source file 'calc8.cpp')
  
C:\Users\somis\Downloads\ValueStreamModeling_Math-master1\ValueStreamModeling_Math-master\dll2\class_model.cpp(541,3): warning C4996: 'strcpy': This function or variable may be unsafe. Consider using strcpy_s instead. To disable deprecation, use _CRT_SECURE_NO_WARNINGS. See online help for details.
  (compiling source file 'calc8.cpp')
  
C:\Users\somis\Downloads\ValueStreamModeling_Math-master1\ValueStreamModeling_Math-master\dll2\class_model.cpp(634,9): warning C4101: 's0': unreferenced local variable
  (compiling source file 'calc8.cpp')
  
C:\Users\somis\Downloads\ValueStreamModeling_Math-master1\ValueStreamModeling_Math-master\dll2\calc8.cpp(24,12): warning C4244: 'return': conversion from 'double' to 'float', possible loss of data
C:\Users\somis\Downloads\ValueStreamModeling_Math-master1\ValueStreamModeling_Math-master\dll2\calc8.cpp(28,36): warning C4244: 'argument': conversion from 'double' to 'float', possible loss of data
C:\Users\somis\Downloads\ValueStreamModeling_Math-master1\ValueStreamModeling_Math-master\dll2\calc8.cpp(28,10): warning C4244: 'return': conversion from 'double' to 'float', possible loss of data
C:\Users\somis\Downloads\ValueStreamModeling_Math-master1\ValueStreamModeling_Math-master\dll2\calc8.cpp(60,47): warning C4244: 'argument': conversion from 'double' to 'float', possible loss of data
C:\Users\somis\Downloads\ValueStreamModeling_Math-master1\ValueStreamModeling_Math-master\dll2\calc8.cpp(119,20): warning C4244: 'argument': conversion from 'double' to 'float', possible loss of data
C:\Users\somis\Downloads\ValueStreamModeling_Math-master1\ValueStreamModeling_Math-master\dll2\calc8.cpp(120,10): warning C4244: 'argument': conversion from 'double' to 'float', possible loss of data
C:\Users\somis\Downloads\ValueStreamModeling_Math-master1\ValueStreamModeling_Math-master\dll2\calc8.cpp(122,10): warning C4244: 'argument': conversion from 'double' to 'float', possible loss of data
  calc9.cpp
C:\Users\somis\Downloads\ValueStreamModeling_Math-master1\ValueStreamModeling_Math-master\dll2\class_model.cpp(290,3): warning C4996: 'strcpy': This function or variable may be unsafe. Consider using strcpy_s instead. To disable deprecation, use _CRT_SECURE_NO_WARNINGS. See online help for details.
  (compiling source file 'calc9.cpp')
  
C:\Users\somis\Downloads\ValueStreamModeling_Math-master1\ValueStreamModeling_Math-master\dll2\class_model.cpp(176,2): warning C4996: 'sprintf': This function or variable may be unsafe. Consider using sprintf_s instead. To disable deprecation, use _CRT_SECURE_NO_WARNINGS. See online help for details.
  (compiling source file 'calc9.cpp')
  
C:\Users\somis\Downloads\ValueStreamModeling_Math-master1\ValueStreamModeling_Math-master\dll2\class_model.cpp(192,2): warning C4996: 'sprintf': This function or variable may be unsafe. Consider using sprintf_s instead. To disable deprecation, use _CRT_SECURE_NO_WARNINGS. See online help for details.
  (compiling source file 'calc9.cpp')
  
C:\Users\somis\Downloads\ValueStreamModeling_Math-master1\ValueStreamModeling_Math-master\dll2\class_model.cpp(358,9): warning C4101: 's0': unreferenced local variable
  (compiling source file 'calc9.cpp')
  
C:\Users\somis\Downloads\ValueStreamModeling_Math-master1\ValueStreamModeling_Math-master\dll2\class_model.cpp(370,9): warning C4101: 's0': unreferenced local variable
  (compiling source file 'calc9.cpp')
  
C:\Users\somis\Downloads\ValueStreamModeling_Math-master1\ValueStreamModeling_Math-master\dll2\class_model.cpp(394,9): warning C4101: 's1': unreferenced local variable
  (compiling source file 'calc9.cpp')
  
C:\Users\somis\Downloads\ValueStreamModeling_Math-master1\ValueStreamModeling_Math-master\dll2\class_model.cpp(442,3): warning C4996: 'strcpy': This function or variable may be unsafe. Consider using strcpy_s instead. To disable deprecation, use _CRT_SECURE_NO_WARNINGS. See online help for details.
  (compiling source file 'calc9.cpp')
  
C:\Users\somis\Downloads\ValueStreamModeling_Math-master1\ValueStreamModeling_Math-master\dll2\class_model.cpp(443,27): warning C4244: '=': conversion from 'double' to 'long', possible loss of data
  (compiling source file 'calc9.cpp')
  
C:\Users\somis\Downloads\ValueStreamModeling_Math-master1\ValueStreamModeling_Math-master\dll2\class_model.cpp(498,3): warning C4996: 'strcpy': This function or variable may be unsafe. Consider using strcpy_s instead. To disable deprecation, use _CRT_SECURE_NO_WARNINGS. See online help for details.
  (compiling source file 'calc9.cpp')
  
C:\Users\somis\Downloads\ValueStreamModeling_Math-master1\ValueStreamModeling_Math-master\dll2\class_model.cpp(541,3): warning C4996: 'strcpy': This function or variable may be unsafe. Consider using strcpy_s instead. To disable deprecation, use _CRT_SECURE_NO_WARNINGS. See online help for details.
  (compiling source file 'calc9.cpp')
  
C:\Users\somis\Downloads\ValueStreamModeling_Math-master1\ValueStreamModeling_Math-master\dll2\class_model.cpp(634,9): warning C4101: 's0': unreferenced local variable
  (compiling source file 'calc9.cpp')
  
C:\Users\somis\Downloads\ValueStreamModeling_Math-master1\ValueStreamModeling_Math-master\dll2\calc9.cpp(70,3): warning C4996: 'strcpy': This function or variable may be unsafe. Consider using strcpy_s instead. To disable deprecation, use _CRT_SECURE_NO_WARNINGS. See online help for details.
C:\Users\somis\Downloads\ValueStreamModeling_Math-master1\ValueStreamModeling_Math-master\dll2\calc9.cpp(71,6): warning C4996: 'strcat': This function or variable may be unsafe. Consider using strcat_s instead. To disable deprecation, use _CRT_SECURE_NO_WARNINGS. See online help for details.
C:\Users\somis\Downloads\ValueStreamModeling_Math-master1\ValueStreamModeling_Math-master\dll2\calc9.cpp(72,6): warning C4996: 'strcat': This function or variable may be unsafe. Consider using strcat_s instead. To disable deprecation, use _CRT_SECURE_NO_WARNINGS. See online help for details.
C:\Users\somis\Downloads\ValueStreamModeling_Math-master1\ValueStreamModeling_Math-master\dll2\calc9.cpp(165,68): warning C4244: '=': conversion from 'double' to 'float', possible loss of data
C:\Users\somis\Downloads\ValueStreamModeling_Math-master1\ValueStreamModeling_Math-master\dll2\calc9.cpp(184,68): warning C4244: '=': conversion from 'double' to 'float', possible loss of data
C:\Users\somis\Downloads\ValueStreamModeling_Math-master1\ValueStreamModeling_Math-master\dll2\calc9.cpp(198,68): warning C4244: '=': conversion from 'double' to 'float', possible loss of data
C:\Users\somis\Downloads\ValueStreamModeling_Math-master1\ValueStreamModeling_Math-master\dll2\calc9.cpp(207,28): warning C4244: '=': conversion from 'double' to 'float', possible loss of data
C:\Users\somis\Downloads\ValueStreamModeling_Math-master1\ValueStreamModeling_Math-master\dll2\calc9.cpp(212,59): warning C4244: '=': conversion from 'double' to 'float', possible loss of data
C:\Users\somis\Downloads\ValueStreamModeling_Math-master1\ValueStreamModeling_Math-master\dll2\calc9.cpp(228,66): warning C4244: '+=': conversion from 'double' to 'float', possible loss of data
C:\Users\somis\Downloads\ValueStreamModeling_Math-master1\ValueStreamModeling_Math-master\dll2\calc9.cpp(240,6): warning C4996: 'strcpy': This function or variable may be unsafe. Consider using strcpy_s instead. To disable deprecation, use _CRT_SECURE_NO_WARNINGS. See online help for details.
C:\Users\somis\Downloads\ValueStreamModeling_Math-master1\ValueStreamModeling_Math-master\dll2\calc9.cpp(241,6): warning C4996: 'strcat': This function or variable may be unsafe. Consider using strcat_s instead. To disable deprecation, use _CRT_SECURE_NO_WARNINGS. See online help for details.
C:\Users\somis\Downloads\ValueStreamModeling_Math-master1\ValueStreamModeling_Math-master\dll2\calc9.cpp(242,6): warning C4996: 'strcat': This function or variable may be unsafe. Consider using strcat_s instead. To disable deprecation, use _CRT_SECURE_NO_WARNINGS. See online help for details.
C:\Users\somis\Downloads\ValueStreamModeling_Math-master1\ValueStreamModeling_Math-master\dll2\calc9.cpp(80,3): warning C4996: 'sprintf': This function or variable may be unsafe. Consider using sprintf_s instead. To disable deprecation, use _CRT_SECURE_NO_WARNINGS. See online help for details.
C:\Users\somis\Downloads\ValueStreamModeling_Math-master1\ValueStreamModeling_Math-master\dll2\calc9.cpp(85,9): warning C4996: 'sprintf': This function or variable may be unsafe. Consider using sprintf_s instead. To disable deprecation, use _CRT_SECURE_NO_WARNINGS. See online help for details.
C:\Users\somis\Downloads\ValueStreamModeling_Math-master1\ValueStreamModeling_Math-master\dll2\calc9.cpp(106,9): warning C4996: 'sprintf': This function or variable may be unsafe. Consider using sprintf_s instead. To disable deprecation, use _CRT_SECURE_NO_WARNINGS. See online help for details.
C:\Users\somis\Downloads\ValueStreamModeling_Math-master1\ValueStreamModeling_Math-master\dll2\calc9.cpp(111,17): warning C4996: 'sprintf': This function or variable may be unsafe. Consider using sprintf_s instead. To disable deprecation, use _CRT_SECURE_NO_WARNINGS. See online help for details.
C:\Users\somis\Downloads\ValueStreamModeling_Math-master1\ValueStreamModeling_Math-master\dll2\calc9.cpp(114,5): warning C4996: 'sprintf': This function or variable may be unsafe. Consider using sprintf_s instead. To disable deprecation, use _CRT_SECURE_NO_WARNINGS. See online help for details.
C:\Users\somis\Downloads\ValueStreamModeling_Math-master1\ValueStreamModeling_Math-master\dll2\calc9.cpp(122,13): warning C4996: 'sprintf': This function or variable may be unsafe. Consider using sprintf_s instead. To disable deprecation, use _CRT_SECURE_NO_WARNINGS. See online help for details.
C:\Users\somis\Downloads\ValueStreamModeling_Math-master1\ValueStreamModeling_Math-master\dll2\calc9.cpp(139,21): warning C4996: 'sprintf': This function or variable may be unsafe. Consider using sprintf_s instead. To disable deprecation, use _CRT_SECURE_NO_WARNINGS. See online help for details.
C:\Users\somis\Downloads\ValueStreamModeling_Math-master1\ValueStreamModeling_Math-master\dll2\calc9.cpp(145,40): warning C4996: 'sprintf': This function or variable may be unsafe. Consider using sprintf_s instead. To disable deprecation, use _CRT_SECURE_NO_WARNINGS. See online help for details.
C:\Users\somis\Downloads\ValueStreamModeling_Math-master1\ValueStreamModeling_Math-master\dll2\calc9.cpp(146,40): warning C4996: 'sprintf': This function or variable may be unsafe. Consider using sprintf_s instead. To disable deprecation, use _CRT_SECURE_NO_WARNINGS. See online help for details.
C:\Users\somis\Downloads\ValueStreamModeling_Math-master1\ValueStreamModeling_Math-master\dll2\calc9.cpp(230,21): warning C4996: 'sprintf': This function or variable may be unsafe. Consider using sprintf_s instead. To disable deprecation, use _CRT_SECURE_NO_WARNINGS. See online help for details.
C:\Users\somis\Downloads\ValueStreamModeling_Math-master1\ValueStreamModeling_Math-master\dll2\calc9.cpp(235,21): warning C4996: 'sprintf': This function or variable may be unsafe. Consider using sprintf_s instead. To disable deprecation, use _CRT_SECURE_NO_WARNINGS. See online help for details.
C:\Users\somis\Downloads\ValueStreamModeling_Math-master1\ValueStreamModeling_Math-master\dll2\calc9.cpp(253,13): warning C4996: 'sprintf': This function or variable may be unsafe. Consider using sprintf_s instead. To disable deprecation, use _CRT_SECURE_NO_WARNINGS. See online help for details.
C:\Users\somis\Downloads\ValueStreamModeling_Math-master1\ValueStreamModeling_Math-master\dll2\calc9.cpp(275,17): warning C4996: 'sprintf': This function or variable may be unsafe. Consider using sprintf_s instead. To disable deprecation, use _CRT_SECURE_NO_WARNINGS. See online help for details.
C:\Users\somis\Downloads\ValueStreamModeling_Math-master1\ValueStreamModeling_Math-master\dll2\calc9.cpp(58,21): warning C4101: 'ok': unreferenced local variable
C:\Users\somis\Downloads\ValueStreamModeling_Math-master1\ValueStreamModeling_Math-master\dll2\calc9.cpp(61,11): warning C4101: 'ret': unreferenced local variable
C:\Users\somis\Downloads\ValueStreamModeling_Math-master1\ValueStreamModeling_Math-master\dll2\calc9.cpp(312,63): warning C4244: 'argument': conversion from 'double' to 'float', possible loss of data
C:\Users\somis\Downloads\ValueStreamModeling_Math-master1\ValueStreamModeling_Math-master\dll2\calc9.cpp(312,43): warning C4244: 'argument': conversion from 'double' to 'float', possible loss of data
C:\Users\somis\Downloads\ValueStreamModeling_Math-master1\ValueStreamModeling_Math-master\dll2\calc9.cpp(325,8): warning C4101: 'buf1': unreferenced local variable
C:\Users\somis\Downloads\ValueStreamModeling_Math-master1\ValueStreamModeling_Math-master\dll2\calc9.cpp(375,16): warning C4244: '=': conversion from 'double' to 'float', possible loss of data
C:\Users\somis\Downloads\ValueStreamModeling_Math-master1\ValueStreamModeling_Math-master\dll2\calc9.cpp(376,22): warning C4244: '=': conversion from 'double' to 'float', possible loss of data
C:\Users\somis\Downloads\ValueStreamModeling_Math-master1\ValueStreamModeling_Math-master\dll2\calc9.cpp(378,17): warning C4244: '=': conversion from 'double' to 'float', possible loss of data
C:\Users\somis\Downloads\ValueStreamModeling_Math-master1\ValueStreamModeling_Math-master\dll2\calc9.cpp(380,26): warning C4244: '+=': conversion from 'double' to 'float', possible loss of data
C:\Users\somis\Downloads\ValueStreamModeling_Math-master1\ValueStreamModeling_Math-master\dll2\calc9.cpp(383,26): warning C4244: '=': conversion from 'double' to 'float', possible loss of data
C:\Users\somis\Downloads\ValueStreamModeling_Math-master1\ValueStreamModeling_Math-master\dll2\calc9.cpp(368,9): warning C4101: 't1': unreferenced local variable
C:\Users\somis\Downloads\ValueStreamModeling_Math-master1\ValueStreamModeling_Math-master\dll2\calc9.cpp(398,16): warning C4244: '=': conversion from 'double' to 'float', possible loss of data
C:\Users\somis\Downloads\ValueStreamModeling_Math-master1\ValueStreamModeling_Math-master\dll2\calc9.cpp(403,18): warning C4244: '=': conversion from 'double' to 'float', possible loss of data
C:\Users\somis\Downloads\ValueStreamModeling_Math-master1\ValueStreamModeling_Math-master\dll2\calc9.cpp(419,36): warning C4244: '=': conversion from 'double' to 'float', possible loss of data
C:\Users\somis\Downloads\ValueStreamModeling_Math-master1\ValueStreamModeling_Math-master\dll2\calc9.cpp(441,25): warning C4244: '-=': conversion from 'double' to 'float', possible loss of data
  class_eq.cpp
  _WIN32_WINNT not defined. Defaulting to _WIN32_WINNT_MAXVER (see WinSDKVer.h)
  class_ibom.cpp
  class_lab.cpp
  _WIN32_WINNT not defined. Defaulting to _WIN32_WINNT_MAXVER (see WinSDKVer.h)
  class_model.cpp
C:\Users\somis\Downloads\ValueStreamModeling_Math-master1\ValueStreamModeling_Math-master\dll2\class_model.cpp(290,3): warning C4996: 'strcpy': This function or variable may be unsafe. Consider using strcpy_s instead. To disable deprecation, use _CRT_SECURE_NO_WARNINGS. See online help for details.
C:\Users\somis\Downloads\ValueStreamModeling_Math-master1\ValueStreamModeling_Math-master\dll2\class_model.cpp(176,2): warning C4996: 'sprintf': This function or variable may be unsafe. Consider using sprintf_s instead. To disable deprecation, use _CRT_SECURE_NO_WARNINGS. See online help for details.
C:\Users\somis\Downloads\ValueStreamModeling_Math-master1\ValueStreamModeling_Math-master\dll2\class_model.cpp(192,2): warning C4996: 'sprintf': This function or variable may be unsafe. Consider using sprintf_s instead. To disable deprecation, use _CRT_SECURE_NO_WARNINGS. See online help for details.
C:\Users\somis\Downloads\ValueStreamModeling_Math-master1\ValueStreamModeling_Math-master\dll2\class_model.cpp(358,9): warning C4101: 's0': unreferenced local variable
C:\Users\somis\Downloads\ValueStreamModeling_Math-master1\ValueStreamModeling_Math-master\dll2\class_model.cpp(370,9): warning C4101: 's0': unreferenced local variable
C:\Users\somis\Downloads\ValueStreamModeling_Math-master1\ValueStreamModeling_Math-master\dll2\class_model.cpp(394,9): warning C4101: 's1': unreferenced local variable
C:\Users\somis\Downloads\ValueStreamModeling_Math-master1\ValueStreamModeling_Math-master\dll2\class_model.cpp(442,3): warning C4996: 'strcpy': This function or variable may be unsafe. Consider using strcpy_s instead. To disable deprecation, use _CRT_SECURE_NO_WARNINGS. See online help for details.
C:\Users\somis\Downloads\ValueStreamModeling_Math-master1\ValueStreamModeling_Math-master\dll2\class_model.cpp(443,27): warning C4244: '=': conversion from 'double' to 'long', possible loss of data
C:\Users\somis\Downloads\ValueStreamModeling_Math-master1\ValueStreamModeling_Math-master\dll2\class_model.cpp(498,3): warning C4996: 'strcpy': This function or variable may be unsafe. Consider using strcpy_s instead. To disable deprecation, use _CRT_SECURE_NO_WARNINGS. See online help for details.
C:\Users\somis\Downloads\ValueStreamModeling_Math-master1\ValueStreamModeling_Math-master\dll2\class_model.cpp(541,3): warning C4996: 'strcpy': This function or variable may be unsafe. Consider using strcpy_s instead. To disable deprecation, use _CRT_SECURE_NO_WARNINGS. See online help for details.
C:\Users\somis\Downloads\ValueStreamModeling_Math-master1\ValueStreamModeling_Math-master\dll2\class_model.cpp(634,9): warning C4101: 's0': unreferenced local variable
  class_oper.cpp
  class_part.cpp
  Compiling...
  class_route.cpp
  data1.cpp
C:\Users\somis\Downloads\ValueStreamModeling_Math-master1\ValueStreamModeling_Math-master\dll2\class_model.cpp(290,3): warning C4996: 'strcpy': This function or variable may be unsafe. Consider using strcpy_s instead. To disable deprecation, use _CRT_SECURE_NO_WARNINGS. See online help for details.
  (compiling source file 'data1.cpp')
  
C:\Users\somis\Downloads\ValueStreamModeling_Math-master1\ValueStreamModeling_Math-master\dll2\class_model.cpp(176,2): warning C4996: 'sprintf': This function or variable may be unsafe. Consider using sprintf_s instead. To disable deprecation, use _CRT_SECURE_NO_WARNINGS. See online help for details.
  (compiling source file 'data1.cpp')
  
C:\Users\somis\Downloads\ValueStreamModeling_Math-master1\ValueStreamModeling_Math-master\dll2\class_model.cpp(192,2): warning C4996: 'sprintf': This function or variable may be unsafe. Consider using sprintf_s instead. To disable deprecation, use _CRT_SECURE_NO_WARNINGS. See online help for details.
  (compiling source file 'data1.cpp')
  
C:\Users\somis\Downloads\ValueStreamModeling_Math-master1\ValueStreamModeling_Math-master\dll2\class_model.cpp(358,9): warning C4101: 's0': unreferenced local variable
  (compiling source file 'data1.cpp')
  
C:\Users\somis\Downloads\ValueStreamModeling_Math-master1\ValueStreamModeling_Math-master\dll2\class_model.cpp(370,9): warning C4101: 's0': unreferenced local variable
  (compiling source file 'data1.cpp')
  
C:\Users\somis\Downloads\ValueStreamModeling_Math-master1\ValueStreamModeling_Math-master\dll2\class_model.cpp(394,9): warning C4101: 's1': unreferenced local variable
  (compiling source file 'data1.cpp')
  
C:\Users\somis\Downloads\ValueStreamModeling_Math-master1\ValueStreamModeling_Math-master\dll2\class_model.cpp(442,3): warning C4996: 'strcpy': This function or variable may be unsafe. Consider using strcpy_s instead. To disable deprecation, use _CRT_SECURE_NO_WARNINGS. See online help for details.
  (compiling source file 'data1.cpp')
  
C:\Users\somis\Downloads\ValueStreamModeling_Math-master1\ValueStreamModeling_Math-master\dll2\class_model.cpp(443,27): warning C4244: '=': conversion from 'double' to 'long', possible loss of data
  (compiling source file 'data1.cpp')
  
C:\Users\somis\Downloads\ValueStreamModeling_Math-master1\ValueStreamModeling_Math-master\dll2\class_model.cpp(498,3): warning C4996: 'strcpy': This function or variable may be unsafe. Consider using strcpy_s instead. To disable deprecation, use _CRT_SECURE_NO_WARNINGS. See online help for details.
  (compiling source file 'data1.cpp')
  
C:\Users\somis\Downloads\ValueStreamModeling_Math-master1\ValueStreamModeling_Math-master\dll2\class_model.cpp(541,3): warning C4996: 'strcpy': This function or variable may be unsafe. Consider using strcpy_s instead. To disable deprecation, use _CRT_SECURE_NO_WARNINGS. See online help for details.
  (compiling source file 'data1.cpp')
  
C:\Users\somis\Downloads\ValueStreamModeling_Math-master1\ValueStreamModeling_Math-master\dll2\class_model.cpp(634,9): warning C4101: 's0': unreferenced local variable
  (compiling source file 'data1.cpp')
  
C:\Users\somis\Downloads\ValueStreamModeling_Math-master1\ValueStreamModeling_Math-master\dll2\data1.cpp(107,7): warning C4101: 'i': unreferenced local variable
  dll2.cpp
C:\Users\somis\Downloads\ValueStreamModeling_Math-master1\ValueStreamModeling_Math-master\dll2\class_model.cpp(290,3): warning C4996: 'strcpy': This function or variable may be unsafe. Consider using strcpy_s instead. To disable deprecation, use _CRT_SECURE_NO_WARNINGS. See online help for details.
  (compiling source file 'dll2.cpp')
  
C:\Users\somis\Downloads\ValueStreamModeling_Math-master1\ValueStreamModeling_Math-master\dll2\class_model.cpp(176,2): warning C4996: 'sprintf': This function or variable may be unsafe. Consider using sprintf_s instead. To disable deprecation, use _CRT_SECURE_NO_WARNINGS. See online help for details.
  (compiling source file 'dll2.cpp')
  
C:\Users\somis\Downloads\ValueStreamModeling_Math-master1\ValueStreamModeling_Math-master\dll2\class_model.cpp(192,2): warning C4996: 'sprintf': This function or variable may be unsafe. Consider using sprintf_s instead. To disable deprecation, use _CRT_SECURE_NO_WARNINGS. See online help for details.
  (compiling source file 'dll2.cpp')
  
C:\Users\somis\Downloads\ValueStreamModeling_Math-master1\ValueStreamModeling_Math-master\dll2\class_model.cpp(358,9): warning C4101: 's0': unreferenced local variable
  (compiling source file 'dll2.cpp')
  
C:\Users\somis\Downloads\ValueStreamModeling_Math-master1\ValueStreamModeling_Math-master\dll2\class_model.cpp(370,9): warning C4101: 's0': unreferenced local variable
  (compiling source file 'dll2.cpp')
  
C:\Users\somis\Downloads\ValueStreamModeling_Math-master1\ValueStreamModeling_Math-master\dll2\class_model.cpp(394,9): warning C4101: 's1': unreferenced local variable
  (compiling source file 'dll2.cpp')
  
C:\Users\somis\Downloads\ValueStreamModeling_Math-master1\ValueStreamModeling_Math-master\dll2\class_model.cpp(442,3): warning C4996: 'strcpy': This function or variable may be unsafe. Consider using strcpy_s instead. To disable deprecation, use _CRT_SECURE_NO_WARNINGS. See online help for details.
  (compiling source file 'dll2.cpp')
  
C:\Users\somis\Downloads\ValueStreamModeling_Math-master1\ValueStreamModeling_Math-master\dll2\class_model.cpp(443,27): warning C4244: '=': conversion from 'double' to 'long', possible loss of data
  (compiling source file 'dll2.cpp')
  
C:\Users\somis\Downloads\ValueStreamModeling_Math-master1\ValueStreamModeling_Math-master\dll2\class_model.cpp(498,3): warning C4996: 'strcpy': This function or variable may be unsafe. Consider using strcpy_s instead. To disable deprecation, use _CRT_SECURE_NO_WARNINGS. See online help for details.
  (compiling source file 'dll2.cpp')
  
C:\Users\somis\Downloads\ValueStreamModeling_Math-master1\ValueStreamModeling_Math-master\dll2\class_model.cpp(541,3): warning C4996: 'strcpy': This function or variable may be unsafe. Consider using strcpy_s instead. To disable deprecation, use _CRT_SECURE_NO_WARNINGS. See online help for details.
  (compiling source file 'dll2.cpp')
  
C:\Users\somis\Downloads\ValueStreamModeling_Math-master1\ValueStreamModeling_Math-master\dll2\class_model.cpp(634,9): warning C4101: 's0': unreferenced local variable
  (compiling source file 'dll2.cpp')
  
C:\Users\somis\Downloads\ValueStreamModeling_Math-master1\ValueStreamModeling_Math-master\dll2\dll2.cpp(212,5): warning C4996: 'strcpy': This function or variable may be unsafe. Consider using strcpy_s instead. To disable deprecation, use _CRT_SECURE_NO_WARNINGS. See online help for details.
C:\Users\somis\Downloads\ValueStreamModeling_Math-master1\ValueStreamModeling_Math-master\dll2\dll2.cpp(241,4): warning C4996: 'strcpy': This function or variable may be unsafe. Consider using strcpy_s instead. To disable deprecation, use _CRT_SECURE_NO_WARNINGS. See online help for details.
C:\Users\somis\Downloads\ValueStreamModeling_Math-master1\ValueStreamModeling_Math-master\dll2\dll2.cpp(283,4): warning C4996: 'strcpy': This function or variable may be unsafe. Consider using strcpy_s instead. To disable deprecation, use _CRT_SECURE_NO_WARNINGS. See online help for details.
C:\Users\somis\Downloads\ValueStreamModeling_Math-master1\ValueStreamModeling_Math-master\dll2\dll2.cpp(312,4): warning C4996: 'strcpy': This function or variable may be unsafe. Consider using strcpy_s instead. To disable deprecation, use _CRT_SECURE_NO_WARNINGS. See online help for details.
C:\Users\somis\Downloads\ValueStreamModeling_Math-master1\ValueStreamModeling_Math-master\dll2\dll2.cpp(324,4): warning C4996: 'strcpy': This function or variable may be unsafe. Consider using strcpy_s instead. To disable deprecation, use _CRT_SECURE_NO_WARNINGS. See online help for details.
C:\Users\somis\Downloads\ValueStreamModeling_Math-master1\ValueStreamModeling_Math-master\dll2\dll2.cpp(501,4): warning C4996: 'strcpy': This function or variable may be unsafe. Consider using strcpy_s instead. To disable deprecation, use _CRT_SECURE_NO_WARNINGS. See online help for details.
C:\Users\somis\Downloads\ValueStreamModeling_Math-master1\ValueStreamModeling_Math-master\dll2\dll2.cpp(505,4): warning C4996: 'strcpy': This function or variable may be unsafe. Consider using strcpy_s instead. To disable deprecation, use _CRT_SECURE_NO_WARNINGS. See online help for details.
C:\Users\somis\Downloads\ValueStreamModeling_Math-master1\ValueStreamModeling_Math-master\dll2\dll2.cpp(507,4): warning C4996: 'strcpy': This function or variable may be unsafe. Consider using strcpy_s instead. To disable deprecation, use _CRT_SECURE_NO_WARNINGS. See online help for details.
C:\Users\somis\Downloads\ValueStreamModeling_Math-master1\ValueStreamModeling_Math-master\dll2\dll2.cpp(231,2): warning C4996: 'sprintf': This function or variable may be unsafe. Consider using sprintf_s instead. To disable deprecation, use _CRT_SECURE_NO_WARNINGS. See online help for details.
C:\Users\somis\Downloads\ValueStreamModeling_Math-master1\ValueStreamModeling_Math-master\dll2\dll2.cpp(250,4): warning C4996: 'sprintf': This function or variable may be unsafe. Consider using sprintf_s instead. To disable deprecation, use _CRT_SECURE_NO_WARNINGS. See online help for details.
C:\Users\somis\Downloads\ValueStreamModeling_Math-master1\ValueStreamModeling_Math-master\dll2\dll2.cpp(258,5): warning C4996: 'sprintf': This function or variable may be unsafe. Consider using sprintf_s instead. To disable deprecation, use _CRT_SECURE_NO_WARNINGS. See online help for details.
C:\Users\somis\Downloads\ValueStreamModeling_Math-master1\ValueStreamModeling_Math-master\dll2\dll2.cpp(282,4): warning C4996: 'sprintf': This function or variable may be unsafe. Consider using sprintf_s instead. To disable deprecation, use _CRT_SECURE_NO_WARNINGS. See online help for details.
C:\Users\somis\Downloads\ValueStreamModeling_Math-master1\ValueStreamModeling_Math-master\dll2\dll2.cpp(317,5): warning C4996: 'sprintf': This function or variable may be unsafe. Consider using sprintf_s instead. To disable deprecation, use _CRT_SECURE_NO_WARNINGS. See online help for details.
C:\Users\somis\Downloads\ValueStreamModeling_Math-master1\ValueStreamModeling_Math-master\dll2\dll2.cpp(331,5): warning C4996: 'sprintf': This function or variable may be unsafe. Consider using sprintf_s instead. To disable deprecation, use _CRT_SECURE_NO_WARNINGS. See online help for details.
C:\Users\somis\Downloads\ValueStreamModeling_Math-master1\ValueStreamModeling_Math-master\dll2\dll2.cpp(381,6): warning C4996: 'sprintf': This function or variable may be unsafe. Consider using sprintf_s instead. To disable deprecation, use _CRT_SECURE_NO_WARNINGS. See online help for details.
C:\Users\somis\Downloads\ValueStreamModeling_Math-master1\ValueStreamModeling_Math-master\dll2\dll2.cpp(397,5): warning C4996: 'sprintf': This function or variable may be unsafe. Consider using sprintf_s instead. To disable deprecation, use _CRT_SECURE_NO_WARNINGS. See online help for details.
C:\Users\somis\Downloads\ValueStreamModeling_Math-master1\ValueStreamModeling_Math-master\dll2\dll2.cpp(410,6): warning C4996: 'sprintf': This function or variable may be unsafe. Consider using sprintf_s instead. To disable deprecation, use _CRT_SECURE_NO_WARNINGS. See online help for details.
C:\Users\somis\Downloads\ValueStreamModeling_Math-master1\ValueStreamModeling_Math-master\dll2\dll2.cpp(573,3): warning C4996: 'sprintf': This function or variable may be unsafe. Consider using sprintf_s instead. To disable deprecation, use _CRT_SECURE_NO_WARNINGS. See online help for details.
C:\Users\somis\Downloads\ValueStreamModeling_Math-master1\ValueStreamModeling_Math-master\dll2\dll2.cpp(599,3): warning C4996: 'sprintf': This function or variable may be unsafe. Consider using sprintf_s instead. To disable deprecation, use _CRT_SECURE_NO_WARNINGS. See online help for details.
C:\Users\somis\Downloads\ValueStreamModeling_Math-master1\ValueStreamModeling_Math-master\dll2\dll2.cpp(717,76): warning C4244: '=': conversion from 'double' to 'float', possible loss of data
C:\Users\somis\Downloads\ValueStreamModeling_Math-master1\ValueStreamModeling_Math-master\dll2\dll2.cpp(784,76): warning C4244: '=': conversion from 'double' to 'float', possible loss of data
C:\Users\somis\Downloads\ValueStreamModeling_Math-master1\ValueStreamModeling_Math-master\dll2\dll2.cpp(758,8): warning C4996: 'sprintf': This function or variable may be unsafe. Consider using sprintf_s instead. To disable deprecation, use _CRT_SECURE_NO_WARNINGS. See online help for details.
C:\Users\somis\Downloads\ValueStreamModeling_Math-master1\ValueStreamModeling_Math-master\dll2\dll2.cpp(768,6): warning C4996: 'sprintf': This function or variable may be unsafe. Consider using sprintf_s instead. To disable deprecation, use _CRT_SECURE_NO_WARNINGS. See online help for details.
C:\Users\somis\Downloads\ValueStreamModeling_Math-master1\ValueStreamModeling_Math-master\dll2\dll2.cpp(970,3): warning C4996: 'strcpy': This function or variable may be unsafe. Consider using strcpy_s instead. To disable deprecation, use _CRT_SECURE_NO_WARNINGS. See online help for details.
C:\Users\somis\Downloads\ValueStreamModeling_Math-master1\ValueStreamModeling_Math-master\dll2\dll2.cpp(956,7): warning C4101: 's0': unreferenced local variable
C:\Users\somis\Downloads\ValueStreamModeling_Math-master1\ValueStreamModeling_Math-master\dll2\dll2.cpp(966,7): warning C4101: 's2': unreferenced local variable
C:\Users\somis\Downloads\ValueStreamModeling_Math-master1\ValueStreamModeling_Math-master\dll2\dll2.cpp(950,8): warning C4101: 's1': unreferenced local variable
C:\Users\somis\Downloads\ValueStreamModeling_Math-master1\ValueStreamModeling_Math-master\dll2\dll2.cpp(1128,2): warning C4996: 'strcpy': This function or variable may be unsafe. Consider using strcpy_s instead. To disable deprecation, use _CRT_SECURE_NO_WARNINGS. See online help for details.
C:\Users\somis\Downloads\ValueStreamModeling_Math-master1\ValueStreamModeling_Math-master\dll2\dll2.cpp(1237,3): warning C4996: 'sprintf': This function or variable may be unsafe. Consider using sprintf_s instead. To disable deprecation, use _CRT_SECURE_NO_WARNINGS. See online help for details.
  f1dim.cpp
C:\Users\somis\Downloads\ValueStreamModeling_Math-master1\ValueStreamModeling_Math-master\dll2\class_model.cpp(290,3): warning C4996: 'strcpy': This function or variable may be unsafe. Consider using strcpy_s instead. To disable deprecation, use _CRT_SECURE_NO_WARNINGS. See online help for details.
  (compiling source file 'f1dim.cpp')
  
C:\Users\somis\Downloads\ValueStreamModeling_Math-master1\ValueStreamModeling_Math-master\dll2\class_model.cpp(176,2): warning C4996: 'sprintf': This function or variable may be unsafe. Consider using sprintf_s instead. To disable deprecation, use _CRT_SECURE_NO_WARNINGS. See online help for details.
  (compiling source file 'f1dim.cpp')
  
C:\Users\somis\Downloads\ValueStreamModeling_Math-master1\ValueStreamModeling_Math-master\dll2\class_model.cpp(192,2): warning C4996: 'sprintf': This function or variable may be unsafe. Consider using sprintf_s instead. To disable deprecation, use _CRT_SECURE_NO_WARNINGS. See online help for details.
  (compiling source file 'f1dim.cpp')
  
C:\Users\somis\Downloads\ValueStreamModeling_Math-master1\ValueStreamModeling_Math-master\dll2\class_model.cpp(358,9): warning C4101: 's0': unreferenced local variable
  (compiling source file 'f1dim.cpp')
  
C:\Users\somis\Downloads\ValueStreamModeling_Math-master1\ValueStreamModeling_Math-master\dll2\class_model.cpp(370,9): warning C4101: 's0': unreferenced local variable
  (compiling source file 'f1dim.cpp')
  
C:\Users\somis\Downloads\ValueStreamModeling_Math-master1\ValueStreamModeling_Math-master\dll2\class_model.cpp(394,9): warning C4101: 's1': unreferenced local variable
  (compiling source file 'f1dim.cpp')
  
C:\Users\somis\Downloads\ValueStreamModeling_Math-master1\ValueStreamModeling_Math-master\dll2\class_model.cpp(442,3): warning C4996: 'strcpy': This function or variable may be unsafe. Consider using strcpy_s instead. To disable deprecation, use _CRT_SECURE_NO_WARNINGS. See online help for details.
  (compiling source file 'f1dim.cpp')
  
C:\Users\somis\Downloads\ValueStreamModeling_Math-master1\ValueStreamModeling_Math-master\dll2\class_model.cpp(443,27): warning C4244: '=': conversion from 'double' to 'long', possible loss of data
  (compiling source file 'f1dim.cpp')
  
C:\Users\somis\Downloads\ValueStreamModeling_Math-master1\ValueStreamModeling_Math-master\dll2\class_model.cpp(498,3): warning C4996: 'strcpy': This function or variable may be unsafe. Consider using strcpy_s instead. To disable deprecation, use _CRT_SECURE_NO_WARNINGS. See online help for details.
  (compiling source file 'f1dim.cpp')
  
C:\Users\somis\Downloads\ValueStreamModeling_Math-master1\ValueStreamModeling_Math-master\dll2\class_model.cpp(541,3): warning C4996: 'strcpy': This function or variable may be unsafe. Consider using strcpy_s instead. To disable deprecation, use _CRT_SECURE_NO_WARNINGS. See online help for details.
  (compiling source file 'f1dim.cpp')
  
C:\Users\somis\Downloads\ValueStreamModeling_Math-master1\ValueStreamModeling_Math-master\dll2\class_model.cpp(634,9): warning C4101: 's0': unreferenced local variable
  (compiling source file 'f1dim.cpp')
  
C:\Users\somis\Downloads\ValueStreamModeling_Math-master1\ValueStreamModeling_Math-master\dll2\f1dim.cpp(32,5): warning C4996: 'sprintf': This function or variable may be unsafe. Consider using sprintf_s instead. To disable deprecation, use _CRT_SECURE_NO_WARNINGS. See online help for details.
  io_code.cpp
C:\Users\somis\Downloads\ValueStreamModeling_Math-master1\ValueStreamModeling_Math-master\dll2\class_model.cpp(290,3): warning C4996: 'strcpy': This function or variable may be unsafe. Consider using strcpy_s instead. To disable deprecation, use _CRT_SECURE_NO_WARNINGS. See online help for details.
  (compiling source file 'io_code.cpp')
  
C:\Users\somis\Downloads\ValueStreamModeling_Math-master1\ValueStreamModeling_Math-master\dll2\class_model.cpp(176,2): warning C4996: 'sprintf': This function or variable may be unsafe. Consider using sprintf_s instead. To disable deprecation, use _CRT_SECURE_NO_WARNINGS. See online help for details.
  (compiling source file 'io_code.cpp')
  
C:\Users\somis\Downloads\ValueStreamModeling_Math-master1\ValueStreamModeling_Math-master\dll2\class_model.cpp(192,2): warning C4996: 'sprintf': This function or variable may be unsafe. Consider using sprintf_s instead. To disable deprecation, use _CRT_SECURE_NO_WARNINGS. See online help for details.
  (compiling source file 'io_code.cpp')
  
C:\Users\somis\Downloads\ValueStreamModeling_Math-master1\ValueStreamModeling_Math-master\dll2\class_model.cpp(358,9): warning C4101: 's0': unreferenced local variable
  (compiling source file 'io_code.cpp')
  
C:\Users\somis\Downloads\ValueStreamModeling_Math-master1\ValueStreamModeling_Math-master\dll2\class_model.cpp(370,9): warning C4101: 's0': unreferenced local variable
  (compiling source file 'io_code.cpp')
  
C:\Users\somis\Downloads\ValueStreamModeling_Math-master1\ValueStreamModeling_Math-master\dll2\class_model.cpp(394,9): warning C4101: 's1': unreferenced local variable
  (compiling source file 'io_code.cpp')
  
C:\Users\somis\Downloads\ValueStreamModeling_Math-master1\ValueStreamModeling_Math-master\dll2\class_model.cpp(442,3): warning C4996: 'strcpy': This function or variable may be unsafe. Consider using strcpy_s instead. To disable deprecation, use _CRT_SECURE_NO_WARNINGS. See online help for details.
  (compiling source file 'io_code.cpp')
  
C:\Users\somis\Downloads\ValueStreamModeling_Math-master1\ValueStreamModeling_Math-master\dll2\class_model.cpp(443,27): warning C4244: '=': conversion from 'double' to 'long', possible loss of data
  (compiling source file 'io_code.cpp')
  
C:\Users\somis\Downloads\ValueStreamModeling_Math-master1\ValueStreamModeling_Math-master\dll2\class_model.cpp(498,3): warning C4996: 'strcpy': This function or variable may be unsafe. Consider using strcpy_s instead. To disable deprecation, use _CRT_SECURE_NO_WARNINGS. See online help for details.
  (compiling source file 'io_code.cpp')
  
C:\Users\somis\Downloads\ValueStreamModeling_Math-master1\ValueStreamModeling_Math-master\dll2\class_model.cpp(541,3): warning C4996: 'strcpy': This function or variable may be unsafe. Consider using strcpy_s instead. To disable deprecation, use _CRT_SECURE_NO_WARNINGS. See online help for details.
  (compiling source file 'io_code.cpp')
  
C:\Users\somis\Downloads\ValueStreamModeling_Math-master1\ValueStreamModeling_Math-master\dll2\class_model.cpp(634,9): warning C4101: 's0': unreferenced local variable
  (compiling source file 'io_code.cpp')
  
C:\Users\somis\Downloads\ValueStreamModeling_Math-master1\ValueStreamModeling_Math-master\dll2\io_code.cpp(44,3): warning C4996: 'sprintf': This function or variable may be unsafe. Consider using sprintf_s instead. To disable deprecation, use _CRT_SECURE_NO_WARNINGS. See online help for details.
C:\Users\somis\Downloads\ValueStreamModeling_Math-master1\ValueStreamModeling_Math-master\dll2\io_code.cpp(50,3): warning C4996: 'sprintf': This function or variable may be unsafe. Consider using sprintf_s instead. To disable deprecation, use _CRT_SECURE_NO_WARNINGS. See online help for details.
C:\Users\somis\Downloads\ValueStreamModeling_Math-master1\ValueStreamModeling_Math-master\dll2\io_code.cpp(36,7): warning C4101: 'i': unreferenced local variable
C:\Users\somis\Downloads\ValueStreamModeling_Math-master1\ValueStreamModeling_Math-master\dll2\io_code.cpp(64,12): warning C4018: '<': signed/unsigned mismatch
C:\Users\somis\Downloads\ValueStreamModeling_Math-master1\ValueStreamModeling_Math-master\dll2\io_code.cpp(74,3): warning C4996: 'sprintf': This function or variable may be unsafe. Consider using sprintf_s instead. To disable deprecation, use _CRT_SECURE_NO_WARNINGS. See online help for details.
C:\Users\somis\Downloads\ValueStreamModeling_Math-master1\ValueStreamModeling_Math-master\dll2\io_code.cpp(80,6): warning C4996: 'sprintf': This function or variable may be unsafe. Consider using sprintf_s instead. To disable deprecation, use _CRT_SECURE_NO_WARNINGS. See online help for details.
C:\Users\somis\Downloads\ValueStreamModeling_Math-master1\ValueStreamModeling_Math-master\dll2\io_code.cpp(130,17): warning C4996: 'strncpy': This function or variable may be unsafe. Consider using strncpy_s instead. To disable deprecation, use _CRT_SECURE_NO_WARNINGS. See online help for details.
C:\Users\somis\Downloads\ValueStreamModeling_Math-master1\ValueStreamModeling_Math-master\dll2\io_code.cpp(132,19): warning C4996: 'strcpy': This function or variable may be unsafe. Consider using strcpy_s instead. To disable deprecation, use _CRT_SECURE_NO_WARNINGS. See online help for details.
C:\Users\somis\Downloads\ValueStreamModeling_Math-master1\ValueStreamModeling_Math-master\dll2\io_code.cpp(398,33): warning C4244: '=': conversion from 'float' to 'int', possible loss of data
C:\Users\somis\Downloads\ValueStreamModeling_Math-master1\ValueStreamModeling_Math-master\dll2\io_code.cpp(413,43): warning C4018: '<': signed/unsigned mismatch
C:\Users\somis\Downloads\ValueStreamModeling_Math-master1\ValueStreamModeling_Math-master\dll2\io_code.cpp(427,42): warning C4018: '>': signed/unsigned mismatch
C:\Users\somis\Downloads\ValueStreamModeling_Math-master1\ValueStreamModeling_Math-master\dll2\io_code.cpp(436,17): warning C4996: 'strcpy': This function or variable may be unsafe. Consider using strcpy_s instead. To disable deprecation, use _CRT_SECURE_NO_WARNINGS. See online help for details.
C:\Users\somis\Downloads\ValueStreamModeling_Math-master1\ValueStreamModeling_Math-master\dll2\io_code.cpp(403,33): warning C4996: 'sprintf': This function or variable may be unsafe. Consider using sprintf_s instead. To disable deprecation, use _CRT_SECURE_NO_WARNINGS. See online help for details.
C:\Users\somis\Downloads\ValueStreamModeling_Math-master1\ValueStreamModeling_Math-master\dll2\io_code.cpp(410,33): warning C4996: 'sprintf': This function or variable may be unsafe. Consider using sprintf_s instead. To disable deprecation, use _CRT_SECURE_NO_WARNINGS. See online help for details.
C:\Users\somis\Downloads\ValueStreamModeling_Math-master1\ValueStreamModeling_Math-master\dll2\io_code.cpp(423,25): warning C4996: 'sprintf': This function or variable may be unsafe. Consider using sprintf_s instead. To disable deprecation, use _CRT_SECURE_NO_WARNINGS. See online help for details.
C:\Users\somis\Downloads\ValueStreamModeling_Math-master1\ValueStreamModeling_Math-master\dll2\io_code.cpp(453,9): warning C4996: 'sprintf': This function or variable may be unsafe. Consider using sprintf_s instead. To disable deprecation, use _CRT_SECURE_NO_WARNINGS. See online help for details.
C:\Users\somis\Downloads\ValueStreamModeling_Math-master1\ValueStreamModeling_Math-master\dll2\io_code.cpp(458,25): warning C4996: 'sprintf': This function or variable may be unsafe. Consider using sprintf_s instead. To disable deprecation, use _CRT_SECURE_NO_WARNINGS. See online help for details.
C:\Users\somis\Downloads\ValueStreamModeling_Math-master1\ValueStreamModeling_Math-master\dll2\io_code.cpp(459,25): warning C4996: 'sprintf': This function or variable may be unsafe. Consider using sprintf_s instead. To disable deprecation, use _CRT_SECURE_NO_WARNINGS. See online help for details.
C:\Users\somis\Downloads\ValueStreamModeling_Math-master1\ValueStreamModeling_Math-master\dll2\io_code.cpp(466,13): warning C4996: 'sprintf': This function or variable may be unsafe. Consider using sprintf_s instead. To disable deprecation, use _CRT_SECURE_NO_WARNINGS. See online help for details.
C:\Users\somis\Downloads\ValueStreamModeling_Math-master1\ValueStreamModeling_Math-master\dll2\io_code.cpp(526,1): warning C4996: 'sprintf': This function or variable may be unsafe. Consider using sprintf_s instead. To disable deprecation, use _CRT_SECURE_NO_WARNINGS. See online help for details.
C:\Users\somis\Downloads\ValueStreamModeling_Math-master1\ValueStreamModeling_Math-master\dll2\io_code.cpp(529,9): warning C4996: 'sprintf': This function or variable may be unsafe. Consider using sprintf_s instead. To disable deprecation, use _CRT_SECURE_NO_WARNINGS. See online help for details.
C:\Users\somis\Downloads\ValueStreamModeling_Math-master1\ValueStreamModeling_Math-master\dll2\io_code.cpp(531,9): warning C4996: 'sprintf': This function or variable may be unsafe. Consider using sprintf_s instead. To disable deprecation, use _CRT_SECURE_NO_WARNINGS. See online help for details.
C:\Users\somis\Downloads\ValueStreamModeling_Math-master1\ValueStreamModeling_Math-master\dll2\io_code.cpp(536,9): warning C4996: 'sprintf': This function or variable may be unsafe. Consider using sprintf_s instead. To disable deprecation, use _CRT_SECURE_NO_WARNINGS. See online help for details.
C:\Users\somis\Downloads\ValueStreamModeling_Math-master1\ValueStreamModeling_Math-master\dll2\io_code.cpp(540,9): warning C4996: 'sprintf': This function or variable may be unsafe. Consider using sprintf_s instead. To disable deprecation, use _CRT_SECURE_NO_WARNINGS. See online help for details.
C:\Users\somis\Downloads\ValueStreamModeling_Math-master1\ValueStreamModeling_Math-master\dll2\io_code.cpp(542,9): warning C4996: 'sprintf': This function or variable may be unsafe. Consider using sprintf_s instead. To disable deprecation, use _CRT_SECURE_NO_WARNINGS. See online help for details.
C:\Users\somis\Downloads\ValueStreamModeling_Math-master1\ValueStreamModeling_Math-master\dll2\io_code.cpp(544,9): warning C4996: 'sprintf': This function or variable may be unsafe. Consider using sprintf_s instead. To disable deprecation, use _CRT_SECURE_NO_WARNINGS. See online help for details.
C:\Users\somis\Downloads\ValueStreamModeling_Math-master1\ValueStreamModeling_Math-master\dll2\io_code.cpp(546,9): warning C4996: 'sprintf': This function or variable may be unsafe. Consider using sprintf_s instead. To disable deprecation, use _CRT_SECURE_NO_WARNINGS. See online help for details.
C:\Users\somis\Downloads\ValueStreamModeling_Math-master1\ValueStreamModeling_Math-master\dll2\io_code.cpp(549,8): warning C4996: 'sprintf': This function or variable may be unsafe. Consider using sprintf_s instead. To disable deprecation, use _CRT_SECURE_NO_WARNINGS. See online help for details.
C:\Users\somis\Downloads\ValueStreamModeling_Math-master1\ValueStreamModeling_Math-master\dll2\io_code.cpp(552,8): warning C4996: 'sprintf': This function or variable may be unsafe. Consider using sprintf_s instead. To disable deprecation, use _CRT_SECURE_NO_WARNINGS. See online help for details.
C:\Users\somis\Downloads\ValueStreamModeling_Math-master1\ValueStreamModeling_Math-master\dll2\io_code.cpp(559,3): warning C4996: 'sprintf': This function or variable may be unsafe. Consider using sprintf_s instead. To disable deprecation, use _CRT_SECURE_NO_WARNINGS. See online help for details.
C:\Users\somis\Downloads\ValueStreamModeling_Math-master1\ValueStreamModeling_Math-master\dll2\io_code.cpp(561,5): warning C4996: 'sprintf': This function or variable may be unsafe. Consider using sprintf_s instead. To disable deprecation, use _CRT_SECURE_NO_WARNINGS. See online help for details.
C:\Users\somis\Downloads\ValueStreamModeling_Math-master1\ValueStreamModeling_Math-master\dll2\io_code.cpp(566,9): warning C4996: 'sprintf': This function or variable may be unsafe. Consider using sprintf_s instead. To disable deprecation, use _CRT_SECURE_NO_WARNINGS. See online help for details.
C:\Users\somis\Downloads\ValueStreamModeling_Math-master1\ValueStreamModeling_Math-master\dll2\io_code.cpp(570,9): warning C4996: 'sprintf': This function or variable may be unsafe. Consider using sprintf_s instead. To disable deprecation, use _CRT_SECURE_NO_WARNINGS. See online help for details.
C:\Users\somis\Downloads\ValueStreamModeling_Math-master1\ValueStreamModeling_Math-master\dll2\io_code.cpp(572,9): warning C4996: 'sprintf': This function or variable may be unsafe. Consider using sprintf_s instead. To disable deprecation, use _CRT_SECURE_NO_WARNINGS. See online help for details.
C:\Users\somis\Downloads\ValueStreamModeling_Math-master1\ValueStreamModeling_Math-master\dll2\io_code.cpp(574,9): warning C4996: 'sprintf': This function or variable may be unsafe. Consider using sprintf_s instead. To disable deprecation, use _CRT_SECURE_NO_WARNINGS. See online help for details.
C:\Users\somis\Downloads\ValueStreamModeling_Math-master1\ValueStreamModeling_Math-master\dll2\io_code.cpp(578,9): warning C4996: 'sprintf': This function or variable may be unsafe. Consider using sprintf_s instead. To disable deprecation, use _CRT_SECURE_NO_WARNINGS. See online help for details.
C:\Users\somis\Downloads\ValueStreamModeling_Math-master1\ValueStreamModeling_Math-master\dll2\io_code.cpp(581,10): warning C4996: 'sprintf': This function or variable may be unsafe. Consider using sprintf_s instead. To disable deprecation, use _CRT_SECURE_NO_WARNINGS. See online help for details.
C:\Users\somis\Downloads\ValueStreamModeling_Math-master1\ValueStreamModeling_Math-master\dll2\io_code.cpp(583,9): warning C4996: 'sprintf': This function or variable may be unsafe. Consider using sprintf_s instead. To disable deprecation, use _CRT_SECURE_NO_WARNINGS. See online help for details.
C:\Users\somis\Downloads\ValueStreamModeling_Math-master1\ValueStreamModeling_Math-master\dll2\io_code.cpp(585,9): warning C4996: 'sprintf': This function or variable may be unsafe. Consider using sprintf_s instead. To disable deprecation, use _CRT_SECURE_NO_WARNINGS. See online help for details.
C:\Users\somis\Downloads\ValueStreamModeling_Math-master1\ValueStreamModeling_Math-master\dll2\io_code.cpp(588,9): warning C4996: 'sprintf': This function or variable may be unsafe. Consider using sprintf_s instead. To disable deprecation, use _CRT_SECURE_NO_WARNINGS. See online help for details.
C:\Users\somis\Downloads\ValueStreamModeling_Math-master1\ValueStreamModeling_Math-master\dll2\io_code.cpp(600,9): warning C4996: 'sprintf': This function or variable may be unsafe. Consider using sprintf_s instead. To disable deprecation, use _CRT_SECURE_NO_WARNINGS. See online help for details.
C:\Users\somis\Downloads\ValueStreamModeling_Math-master1\ValueStreamModeling_Math-master\dll2\io_code.cpp(602,9): warning C4996: 'sprintf': This function or variable may be unsafe. Consider using sprintf_s instead. To disable deprecation, use _CRT_SECURE_NO_WARNINGS. See online help for details.
C:\Users\somis\Downloads\ValueStreamModeling_Math-master1\ValueStreamModeling_Math-master\dll2\io_code.cpp(606,9): warning C4996: 'sprintf': This function or variable may be unsafe. Consider using sprintf_s instead. To disable deprecation, use _CRT_SECURE_NO_WARNINGS. See online help for details.
C:\Users\somis\Downloads\ValueStreamModeling_Math-master1\ValueStreamModeling_Math-master\dll2\io_code.cpp(608,9): warning C4996: 'sprintf': This function or variable may be unsafe. Consider using sprintf_s instead. To disable deprecation, use _CRT_SECURE_NO_WARNINGS. See online help for details.
C:\Users\somis\Downloads\ValueStreamModeling_Math-master1\ValueStreamModeling_Math-master\dll2\io_code.cpp(610,9): warning C4996: 'sprintf': This function or variable may be unsafe. Consider using sprintf_s instead. To disable deprecation, use _CRT_SECURE_NO_WARNINGS. See online help for details.
C:\Users\somis\Downloads\ValueStreamModeling_Math-master1\ValueStreamModeling_Math-master\dll2\io_code.cpp(612,3): warning C4996: 'sprintf': This function or variable may be unsafe. Consider using sprintf_s instead. To disable deprecation, use _CRT_SECURE_NO_WARNINGS. See online help for details.
C:\Users\somis\Downloads\ValueStreamModeling_Math-master1\ValueStreamModeling_Math-master\dll2\io_code.cpp(614,9): warning C4996: 'sprintf': This function or variable may be unsafe. Consider using sprintf_s instead. To disable deprecation, use _CRT_SECURE_NO_WARNINGS. See online help for details.
C:\Users\somis\Downloads\ValueStreamModeling_Math-master1\ValueStreamModeling_Math-master\dll2\io_code.cpp(617,9): warning C4996: 'sprintf': This function or variable may be unsafe. Consider using sprintf_s instead. To disable deprecation, use _CRT_SECURE_NO_WARNINGS. See online help for details.
C:\Users\somis\Downloads\ValueStreamModeling_Math-master1\ValueStreamModeling_Math-master\dll2\io_code.cpp(619,3): warning C4996: 'sprintf': This function or variable may be unsafe. Consider using sprintf_s instead. To disable deprecation, use _CRT_SECURE_NO_WARNINGS. See online help for details.
C:\Users\somis\Downloads\ValueStreamModeling_Math-master1\ValueStreamModeling_Math-master\dll2\io_code.cpp(621,9): warning C4996: 'sprintf': This function or variable may be unsafe. Consider using sprintf_s instead. To disable deprecation, use _CRT_SECURE_NO_WARNINGS. See online help for details.
C:\Users\somis\Downloads\ValueStreamModeling_Math-master1\ValueStreamModeling_Math-master\dll2\io_code.cpp(624,9): warning C4996: 'sprintf': This function or variable may be unsafe. Consider using sprintf_s instead. To disable deprecation, use _CRT_SECURE_NO_WARNINGS. See online help for details.
C:\Users\somis\Downloads\ValueStreamModeling_Math-master1\ValueStreamModeling_Math-master\dll2\io_code.cpp(626,9): warning C4996: 'sprintf': This function or variable may be unsafe. Consider using sprintf_s instead. To disable deprecation, use _CRT_SECURE_NO_WARNINGS. See online help for details.
C:\Users\somis\Downloads\ValueStreamModeling_Math-master1\ValueStreamModeling_Math-master\dll2\io_code.cpp(639,17): warning C4996: 'sprintf': This function or variable may be unsafe. Consider using sprintf_s instead. To disable deprecation, use _CRT_SECURE_NO_WARNINGS. See online help for details.
C:\Users\somis\Downloads\ValueStreamModeling_Math-master1\ValueStreamModeling_Math-master\dll2\io_code.cpp(644,25): warning C4996: 'sprintf': This function or variable may be unsafe. Consider using sprintf_s instead. To disable deprecation, use _CRT_SECURE_NO_WARNINGS. See online help for details.
C:\Users\somis\Downloads\ValueStreamModeling_Math-master1\ValueStreamModeling_Math-master\dll2\io_code.cpp(646,25): warning C4996: 'sprintf': This function or variable may be unsafe. Consider using sprintf_s instead. To disable deprecation, use _CRT_SECURE_NO_WARNINGS. See online help for details.
C:\Users\somis\Downloads\ValueStreamModeling_Math-master1\ValueStreamModeling_Math-master\dll2\io_code.cpp(648,25): warning C4996: 'sprintf': This function or variable may be unsafe. Consider using sprintf_s instead. To disable deprecation, use _CRT_SECURE_NO_WARNINGS. See online help for details.
C:\Users\somis\Downloads\ValueStreamModeling_Math-master1\ValueStreamModeling_Math-master\dll2\io_code.cpp(650,25): warning C4996: 'sprintf': This function or variable may be unsafe. Consider using sprintf_s instead. To disable deprecation, use _CRT_SECURE_NO_WARNINGS. See online help for details.
C:\Users\somis\Downloads\ValueStreamModeling_Math-master1\ValueStreamModeling_Math-master\dll2\io_code.cpp(652,25): warning C4996: 'sprintf': This function or variable may be unsafe. Consider using sprintf_s instead. To disable deprecation, use _CRT_SECURE_NO_WARNINGS. See online help for details.
C:\Users\somis\Downloads\ValueStreamModeling_Math-master1\ValueStreamModeling_Math-master\dll2\io_code.cpp(654,25): warning C4996: 'sprintf': This function or variable may be unsafe. Consider using sprintf_s instead. To disable deprecation, use _CRT_SECURE_NO_WARNINGS. See online help for details.
C:\Users\somis\Downloads\ValueStreamModeling_Math-master1\ValueStreamModeling_Math-master\dll2\io_code.cpp(657,17): warning C4996: 'sprintf': This function or variable may be unsafe. Consider using sprintf_s instead. To disable deprecation, use _CRT_SECURE_NO_WARNINGS. See online help for details.
C:\Users\somis\Downloads\ValueStreamModeling_Math-master1\ValueStreamModeling_Math-master\dll2\io_code.cpp(661,9): warning C4996: 'sprintf': This function or variable may be unsafe. Consider using sprintf_s instead. To disable deprecation, use _CRT_SECURE_NO_WARNINGS. See online help for details.
C:\Users\somis\Downloads\ValueStreamModeling_Math-master1\ValueStreamModeling_Math-master\dll2\io_code.cpp(702,17): warning C4996: 'sprintf': This function or variable may be unsafe. Consider using sprintf_s instead. To disable deprecation, use _CRT_SECURE_NO_WARNINGS. See online help for details.
C:\Users\somis\Downloads\ValueStreamModeling_Math-master1\ValueStreamModeling_Math-master\dll2\io_code.cpp(706,25): warning C4996: 'sprintf': This function or variable may be unsafe. Consider using sprintf_s instead. To disable deprecation, use _CRT_SECURE_NO_WARNINGS. See online help for details.
C:\Users\somis\Downloads\ValueStreamModeling_Math-master1\ValueStreamModeling_Math-master\dll2\io_code.cpp(708,25): warning C4996: 'sprintf': This function or variable may be unsafe. Consider using sprintf_s instead. To disable deprecation, use _CRT_SECURE_NO_WARNINGS. See online help for details.
C:\Users\somis\Downloads\ValueStreamModeling_Math-master1\ValueStreamModeling_Math-master\dll2\io_code.cpp(710,25): warning C4996: 'sprintf': This function or variable may be unsafe. Consider using sprintf_s instead. To disable deprecation, use _CRT_SECURE_NO_WARNINGS. See online help for details.
C:\Users\somis\Downloads\ValueStreamModeling_Math-master1\ValueStreamModeling_Math-master\dll2\io_code.cpp(712,25): warning C4996: 'sprintf': This function or variable may be unsafe. Consider using sprintf_s instead. To disable deprecation, use _CRT_SECURE_NO_WARNINGS. See online help for details.
C:\Users\somis\Downloads\ValueStreamModeling_Math-master1\ValueStreamModeling_Math-master\dll2\io_code.cpp(714,25): warning C4996: 'sprintf': This function or variable may be unsafe. Consider using sprintf_s instead. To disable deprecation, use _CRT_SECURE_NO_WARNINGS. See online help for details.
C:\Users\somis\Downloads\ValueStreamModeling_Math-master1\ValueStreamModeling_Math-master\dll2\io_code.cpp(716,25): warning C4996: 'sprintf': This function or variable may be unsafe. Consider using sprintf_s instead. To disable deprecation, use _CRT_SECURE_NO_WARNINGS. See online help for details.
C:\Users\somis\Downloads\ValueStreamModeling_Math-master1\ValueStreamModeling_Math-master\dll2\io_code.cpp(718,25): warning C4996: 'sprintf': This function or variable may be unsafe. Consider using sprintf_s instead. To disable deprecation, use _CRT_SECURE_NO_WARNINGS. See online help for details.
C:\Users\somis\Downloads\ValueStreamModeling_Math-master1\ValueStreamModeling_Math-master\dll2\io_code.cpp(720,25): warning C4996: 'sprintf': This function or variable may be unsafe. Consider using sprintf_s instead. To disable deprecation, use _CRT_SECURE_NO_WARNINGS. See online help for details.
C:\Users\somis\Downloads\ValueStreamModeling_Math-master1\ValueStreamModeling_Math-master\dll2\io_code.cpp(784,25): warning C4996: 'sprintf': This function or variable may be unsafe. Consider using sprintf_s instead. To disable deprecation, use _CRT_SECURE_NO_WARNINGS. See online help for details.
C:\Users\somis\Downloads\ValueStreamModeling_Math-master1\ValueStreamModeling_Math-master\dll2\io_code.cpp(786,25): warning C4996: 'sprintf': This function or variable may be unsafe. Consider using sprintf_s instead. To disable deprecation, use _CRT_SECURE_NO_WARNINGS. See online help for details.
C:\Users\somis\Downloads\ValueStreamModeling_Math-master1\ValueStreamModeling_Math-master\dll2\io_code.cpp(788,25): warning C4996: 'sprintf': This function or variable may be unsafe. Consider using sprintf_s instead. To disable deprecation, use _CRT_SECURE_NO_WARNINGS. See online help for details.
C:\Users\somis\Downloads\ValueStreamModeling_Math-master1\ValueStreamModeling_Math-master\dll2\io_code.cpp(790,25): warning C4996: 'sprintf': This function or variable may be unsafe. Consider using sprintf_s instead. To disable deprecation, use _CRT_SECURE_NO_WARNINGS. See online help for details.
C:\Users\somis\Downloads\ValueStreamModeling_Math-master1\ValueStreamModeling_Math-master\dll2\io_code.cpp(792,25): warning C4996: 'sprintf': This function or variable may be unsafe. Consider using sprintf_s instead. To disable deprecation, use _CRT_SECURE_NO_WARNINGS. See online help for details.
C:\Users\somis\Downloads\ValueStreamModeling_Math-master1\ValueStreamModeling_Math-master\dll2\io_code.cpp(794,25): warning C4996: 'sprintf': This function or variable may be unsafe. Consider using sprintf_s instead. To disable deprecation, use _CRT_SECURE_NO_WARNINGS. See online help for details.
C:\Users\somis\Downloads\ValueStreamModeling_Math-master1\ValueStreamModeling_Math-master\dll2\io_code.cpp(853,22): warning C4996: 'sprintf': This function or variable may be unsafe. Consider using sprintf_s instead. To disable deprecation, use _CRT_SECURE_NO_WARNINGS. See online help for details.
C:\Users\somis\Downloads\ValueStreamModeling_Math-master1\ValueStreamModeling_Math-master\dll2\io_code.cpp(856,22): warning C4996: 'sprintf': This function or variable may be unsafe. Consider using sprintf_s instead. To disable deprecation, use _CRT_SECURE_NO_WARNINGS. See online help for details.
C:\Users\somis\Downloads\ValueStreamModeling_Math-master1\ValueStreamModeling_Math-master\dll2\io_code.cpp(859,22): warning C4996: 'sprintf': This function or variable may be unsafe. Consider using sprintf_s instead. To disable deprecation, use _CRT_SECURE_NO_WARNINGS. See online help for details.
C:\Users\somis\Downloads\ValueStreamModeling_Math-master1\ValueStreamModeling_Math-master\dll2\io_code.cpp(862,21): warning C4996: 'sprintf': This function or variable may be unsafe. Consider using sprintf_s instead. To disable deprecation, use _CRT_SECURE_NO_WARNINGS. See online help for details.
C:\Users\somis\Downloads\ValueStreamModeling_Math-master1\ValueStreamModeling_Math-master\dll2\io_code.cpp(864,22): warning C4996: 'sprintf': This function or variable may be unsafe. Consider using sprintf_s instead. To disable deprecation, use _CRT_SECURE_NO_WARNINGS. See online help for details.
C:\Users\somis\Downloads\ValueStreamModeling_Math-master1\ValueStreamModeling_Math-master\dll2\io_code.cpp(866,22): warning C4996: 'sprintf': This function or variable may be unsafe. Consider using sprintf_s instead. To disable deprecation, use _CRT_SECURE_NO_WARNINGS. See online help for details.
C:\Users\somis\Downloads\ValueStreamModeling_Math-master1\ValueStreamModeling_Math-master\dll2\io_code.cpp(869,22): warning C4996: 'sprintf': This function or variable may be unsafe. Consider using sprintf_s instead. To disable deprecation, use _CRT_SECURE_NO_WARNINGS. See online help for details.
C:\Users\somis\Downloads\ValueStreamModeling_Math-master1\ValueStreamModeling_Math-master\dll2\io_code.cpp(871,22): warning C4996: 'sprintf': This function or variable may be unsafe. Consider using sprintf_s instead. To disable deprecation, use _CRT_SECURE_NO_WARNINGS. See online help for details.
C:\Users\somis\Downloads\ValueStreamModeling_Math-master1\ValueStreamModeling_Math-master\dll2\io_code.cpp(873,22): warning C4996: 'sprintf': This function or variable may be unsafe. Consider using sprintf_s instead. To disable deprecation, use _CRT_SECURE_NO_WARNINGS. See online help for details.
C:\Users\somis\Downloads\ValueStreamModeling_Math-master1\ValueStreamModeling_Math-master\dll2\io_code.cpp(876,23): warning C4996: 'sprintf': This function or variable may be unsafe. Consider using sprintf_s instead. To disable deprecation, use _CRT_SECURE_NO_WARNINGS. See online help for details.
C:\Users\somis\Downloads\ValueStreamModeling_Math-master1\ValueStreamModeling_Math-master\dll2\io_code.cpp(878,23): warning C4996: 'sprintf': This function or variable may be unsafe. Consider using sprintf_s instead. To disable deprecation, use _CRT_SECURE_NO_WARNINGS. See online help for details.
C:\Users\somis\Downloads\ValueStreamModeling_Math-master1\ValueStreamModeling_Math-master\dll2\io_code.cpp(880,23): warning C4996: 'sprintf': This function or variable may be unsafe. Consider using sprintf_s instead. To disable deprecation, use _CRT_SECURE_NO_WARNINGS. See online help for details.
C:\Users\somis\Downloads\ValueStreamModeling_Math-master1\ValueStreamModeling_Math-master\dll2\io_code.cpp(883,22): warning C4996: 'sprintf': This function or variable may be unsafe. Consider using sprintf_s instead. To disable deprecation, use _CRT_SECURE_NO_WARNINGS. See online help for details.
C:\Users\somis\Downloads\ValueStreamModeling_Math-master1\ValueStreamModeling_Math-master\dll2\io_code.cpp(885,22): warning C4996: 'sprintf': This function or variable may be unsafe. Consider using sprintf_s instead. To disable deprecation, use _CRT_SECURE_NO_WARNINGS. See online help for details.
C:\Users\somis\Downloads\ValueStreamModeling_Math-master1\ValueStreamModeling_Math-master\dll2\io_code.cpp(887,22): warning C4996: 'sprintf': This function or variable may be unsafe. Consider using sprintf_s instead. To disable deprecation, use _CRT_SECURE_NO_WARNINGS. See online help for details.
C:\Users\somis\Downloads\ValueStreamModeling_Math-master1\ValueStreamModeling_Math-master\dll2\io_code.cpp(900,4): warning C4996: 'sprintf': This function or variable may be unsafe. Consider using sprintf_s instead. To disable deprecation, use _CRT_SECURE_NO_WARNINGS. See online help for details.
C:\Users\somis\Downloads\ValueStreamModeling_Math-master1\ValueStreamModeling_Math-master\dll2\io_code.cpp(909,5): warning C4996: 'sprintf': This function or variable may be unsafe. Consider using sprintf_s instead. To disable deprecation, use _CRT_SECURE_NO_WARNINGS. See online help for details.
C:\Users\somis\Downloads\ValueStreamModeling_Math-master1\ValueStreamModeling_Math-master\dll2\io_code.cpp(1020,4): warning C4996: 'sprintf': This function or variable may be unsafe. Consider using sprintf_s instead. To disable deprecation, use _CRT_SECURE_NO_WARNINGS. See online help for details.
C:\Users\somis\Downloads\ValueStreamModeling_Math-master1\ValueStreamModeling_Math-master\dll2\io_code.cpp(517,9): warning C4101: 's1': unreferenced local variable
C:\Users\somis\Downloads\ValueStreamModeling_Math-master1\ValueStreamModeling_Math-master\dll2\io_code.cpp(503,6): warning C4101: 'i': unreferenced local variable
  mp_demd.cpp
C:\Users\somis\Downloads\ValueStreamModeling_Math-master1\ValueStreamModeling_Math-master\dll2\class_model.cpp(290,3): warning C4996: 'strcpy': This function or variable may be unsafe. Consider using strcpy_s instead. To disable deprecation, use _CRT_SECURE_NO_WARNINGS. See online help for details.
  (compiling source file 'mp_demd.cpp')
  
C:\Users\somis\Downloads\ValueStreamModeling_Math-master1\ValueStreamModeling_Math-master\dll2\class_model.cpp(176,2): warning C4996: 'sprintf': This function or variable may be unsafe. Consider using sprintf_s instead. To disable deprecation, use _CRT_SECURE_NO_WARNINGS. See online help for details.
  (compiling source file 'mp_demd.cpp')
  
C:\Users\somis\Downloads\ValueStreamModeling_Math-master1\ValueStreamModeling_Math-master\dll2\class_model.cpp(192,2): warning C4996: 'sprintf': This function or variable may be unsafe. Consider using sprintf_s instead. To disable deprecation, use _CRT_SECURE_NO_WARNINGS. See online help for details.
  (compiling source file 'mp_demd.cpp')
  
C:\Users\somis\Downloads\ValueStreamModeling_Math-master1\ValueStreamModeling_Math-master\dll2\class_model.cpp(358,9): warning C4101: 's0': unreferenced local variable
  (compiling source file 'mp_demd.cpp')
  
C:\Users\somis\Downloads\ValueStreamModeling_Math-master1\ValueStreamModeling_Math-master\dll2\class_model.cpp(370,9): warning C4101: 's0': unreferenced local variable
  (compiling source file 'mp_demd.cpp')
  
C:\Users\somis\Downloads\ValueStreamModeling_Math-master1\ValueStreamModeling_Math-master\dll2\class_model.cpp(394,9): warning C4101: 's1': unreferenced local variable
  (compiling source file 'mp_demd.cpp')
  
C:\Users\somis\Downloads\ValueStreamModeling_Math-master1\ValueStreamModeling_Math-master\dll2\class_model.cpp(442,3): warning C4996: 'strcpy': This function or variable may be unsafe. Consider using strcpy_s instead. To disable deprecation, use _CRT_SECURE_NO_WARNINGS. See online help for details.
  (compiling source file 'mp_demd.cpp')
  
C:\Users\somis\Downloads\ValueStreamModeling_Math-master1\ValueStreamModeling_Math-master\dll2\class_model.cpp(443,27): warning C4244: '=': conversion from 'double' to 'long', possible loss of data
  (compiling source file 'mp_demd.cpp')
  
C:\Users\somis\Downloads\ValueStreamModeling_Math-master1\ValueStreamModeling_Math-master\dll2\class_model.cpp(498,3): warning C4996: 'strcpy': This function or variable may be unsafe. Consider using strcpy_s instead. To disable deprecation, use _CRT_SECURE_NO_WARNINGS. See online help for details.
  (compiling source file 'mp_demd.cpp')
  
C:\Users\somis\Downloads\ValueStreamModeling_Math-master1\ValueStreamModeling_Math-master\dll2\class_model.cpp(541,3): warning C4996: 'strcpy': This function or variable may be unsafe. Consider using strcpy_s instead. To disable deprecation, use _CRT_SECURE_NO_WARNINGS. See online help for details.
  (compiling source file 'mp_demd.cpp')
  
C:\Users\somis\Downloads\ValueStreamModeling_Math-master1\ValueStreamModeling_Math-master\dll2\class_model.cpp(634,9): warning C4101: 's0': unreferenced local variable
  (compiling source file 'mp_demd.cpp')
  
C:\Users\somis\Downloads\ValueStreamModeling_Math-master1\ValueStreamModeling_Math-master\dll2\mp_demd.cpp(63,39): warning C4244: '=': conversion from 'double' to 'float', possible loss of data
C:\Users\somis\Downloads\ValueStreamModeling_Math-master1\ValueStreamModeling_Math-master\dll2\mp_demd.cpp(65,42): warning C4244: '=': conversion from 'double' to 'float', possible loss of data
C:\Users\somis\Downloads\ValueStreamModeling_Math-master1\ValueStreamModeling_Math-master\dll2\mp_demd.cpp(71,24): warning C4996: 'strcpy': This function or variable may be unsafe. Consider using strcpy_s instead. To disable deprecation, use _CRT_SECURE_NO_WARNINGS. See online help for details.
C:\Users\somis\Downloads\ValueStreamModeling_Math-master1\ValueStreamModeling_Math-master\dll2\mp_demd.cpp(72,51): warning C4244: 'argument': conversion from 'double' to 'float', possible loss of data
C:\Users\somis\Downloads\ValueStreamModeling_Math-master1\ValueStreamModeling_Math-master\dll2\mp_demd.cpp(72,32): warning C4244: 'argument': conversion from 'double' to 'float', possible loss of data
C:\Users\somis\Downloads\ValueStreamModeling_Math-master1\ValueStreamModeling_Math-master\dll2\mp_demd.cpp(36,8): warning C4101: 'buf1': unreferenced local variable
C:\Users\somis\Downloads\ValueStreamModeling_Math-master1\ValueStreamModeling_Math-master\dll2\mp_demd.cpp(111,60): warning C4244: '=': conversion from 'double' to 'float', possible loss of data
C:\Users\somis\Downloads\ValueStreamModeling_Math-master1\ValueStreamModeling_Math-master\dll2\mp_demd.cpp(124,5): warning C4996: 'strcpy': This function or variable may be unsafe. Consider using strcpy_s instead. To disable deprecation, use _CRT_SECURE_NO_WARNINGS. See online help for details.
C:\Users\somis\Downloads\ValueStreamModeling_Math-master1\ValueStreamModeling_Math-master\dll2\mp_demd.cpp(125,61): warning C4244: 'argument': conversion from 'double' to 'float', possible loss of data
C:\Users\somis\Downloads\ValueStreamModeling_Math-master1\ValueStreamModeling_Math-master\dll2\mp_demd.cpp(125,42): warning C4244: 'argument': conversion from 'double' to 'float', possible loss of data
C:\Users\somis\Downloads\ValueStreamModeling_Math-master1\ValueStreamModeling_Math-master\dll2\mp_demd.cpp(96,8): warning C4101: 'buf1': unreferenced local variable
  oplst.cpp
  wused.cpp
LINK : warning LNK4044: unrecognized option '/MD'; ignored
     Creating library C:\Users\somis\Downloads\ValueStreamModeling_Math-master1\ValueStreamModeling_Math-master\Release\dll2.lib and object C:\Users\somis\Downloads\ValueStreamModeling_Math-master1\ValueStreamModeling_Math-master\Release\dll2.exp
  Generating code
  Previous IPDB not found, fall back to full compilation.
  All 466 functions were compiled because no usable IPDB/IOBJ from previous compilation was found.
  Finished generating code
  dll2.vcxproj -> C:\Users\somis\Downloads\ValueStreamModeling_Math-master1\ValueStreamModeling_Math-master\Release\dll2.dll
